id,x,y,z,d,mal,dmm
0,0.7256058,0.6134068,0.2107143,0.06679761,1,0
0,0.7007204,0.6602387,0.225,0.04977083,1,0
0,0.3595285,0.5876951,0.2107143,0.1021611,1,0
