id,x,y,z,d,mal,dmm
0,0.3811395,0.7171717,0.2990937,0.07072687,1,0
