id,x,y,z,d,mal,dmm
0,0.2023576,0.6951331,0.5042254,0.07727572,1,0
