id,x,y,z,d,mal,dmm
0,0.3855693,0.762073,0.7891566,0.1059752,1,0
