id,x,y,z,d,mal,dmm
0,0.3798297,0.835629,0.4697406,0.05108052,1,0
