id,x,y,z,d,mal,dmm
0,0.4390564,0.5188246,0.3582554,0.06028831,1,0
