id,x,y,z,d,mal,dmm
0,0.3883432,0.6988062,0.8405316,0.09168303,1,0
