id,x,y,z,d,mal,dmm
0,0.7380484,0.4426079,0.4596774,0.08382452,1,0
0,0.62148,0.6161616,0.3655914,0.07596588,1,0
