id,x,y,z,d,mal,dmm
0,0.6422018,0.7539027,0.6466165,0.07077324,1,0
