id,x,y,z,d,mal,dmm
0,0.4056357,0.7796143,0.3343374,0.05242461,1,0
