id,x,y,z,d,mal,dmm
0,0.6869679,0.6023875,0.6204819,0.07465625,1,0
