id,x,y,z,d,mal,dmm
0,0.6452659,0.6363636,0.3784722,0.07133591,1,0
0,0.6608301,0.6336088,0.3229167,0.05447471,1,0
