id,x,y,z,d,mal,dmm
0,0.5869001,0.5362718,0.7232472,0.08430612,1,0
0,0.59463,0.5344353,0.7859778,0.08430612,1,0
0,0.6368353,0.580349,0.8339483,0.0415045,1,0
