id,x,y,z,d,mal,dmm
0,0.1861219,0.3581267,0.4553571,0.04539558,1,0
