id,x,y,z,d,mal,dmm
1,0.6345776,0.5289256,0.5876623,0.05369997,0,13.178
