id,x,y,z,d,mal,dmm
1,0.9652914,0.3902663,0.7716263,-0.003929257,0,0
