id,x,y,z,d,mal,dmm
1,0.7367387,0.4508724,0.1981132,0.06810749,0,17.4076
