id,x,y,z,d,mal,dmm
1,0.340537,0.5454546,0.5167785,0.06024885,0,11.0147
