id,x,y,z,d,mal,dmm
1,0.6273739,0.6400367,0.8764706,0.07072687,0,9.1655
