id,x,y,z,d,mal,dmm
1,0.3477407,0.5068871,0.5040323,0.06417811,0,11.4414
1,0.6136215,0.5482094,0.5040323,0.05370009,0,8.8498
