id,x,y,z,d,mal,dmm
1,0.5979044,0.5059687,0.6775956,0.07072687,0,21.393
