id,x,y,z,d,mal,dmm
1,0.8722986,0.6170799,0.2506527,0.04846108,0,7.9415
1,0.8631303,0.3856749,0.2506527,0.0615586,0,22.191
