id,x,y,z,d,mal,dmm
0,0.6856582,0.6501377,0.2842105,0.06286836,1,0
