id,x,y,z,d,mal,dmm
0,0.6673216,0.4435262,0.6097561,0.08644402,1,0
