id,x,y,z,d,mal,dmm
0,0.5507531,0.6005509,0.8262195,0.06417811,1,0
