id,x,y,z,d,mal,dmm
0,0.7380484,0.4426079,0.4596774,0.08382452,1,0
0,0.6142763,0.630854,0.3790323,0.0589391,1,0
0,0.7439424,0.6382002,0.3790323,0.07203662,1,0
0,0.6660118,0.630854,0.3360215,0.09299278,1,0
