id,x,y,z,d,mal,dmm
0,0.3811395,0.4655647,0.6537313,0.05370009,1,0
0,0.4636542,0.6152433,0.838806,0.0615586,1,0
