id,x,y,z,d,mal,dmm
0,0.2607004,0.369146,0.3950276,0.05836576,1,0
