id,x,y,z,d,mal,dmm
0,0.37852,0.6850321,0.3549618,0.07334644,1,0
