id,x,y,z,d,mal,dmm
0,0.6882777,0.6942149,0.3185841,0.075966,1,0
