id,x,y,z,d,mal,dmm
0,0.3910506,0.3939394,0.2751479,0.07003891,1,0
