id,x,y,z,d,mal,dmm
0,0.3586252,0.4802571,0.6189024,0.06614786,1,0
0,0.3488975,0.4205693,0.6189024,0.06485087,1,0
