id,x,y,z,d,mal,dmm
0,0.5874263,0.5977961,0.4090909,0.07072699,1,0
0,0.6123117,0.677686,0.4090909,0.04846108,1,0
0,0.59463,0.728191,0.4090909,0.07727563,1,0
0,0.6293386,0.6795225,0.4577922,0.05239034,1,0
0,0.5985593,0.7300276,0.4577922,0.05631959,1,0
0,0.5828422,0.6051424,0.4577922,0.05370009,1,0
