id,x,y,z,d,mal,dmm
1,0.362148,0.5674931,0.5971223,0.03667319,0,8.1491
