id,x,y,z,d,mal,dmm
1,0.3962017,0.5270891,0.5188406,0.04715127,0,11.7508
