id,x,y,z,d,mal,dmm
1,0.443353,0.5454546,0.5492424,0.03929275,0,8.7189
