id,x,y,z,d,mal,dmm
1,0.6522593,0.6519743,0.3858696,0.06810737,0,11.1582
