id,x,y,z,d,mal,dmm
1,0.6417813,0.5078053,0.3962264,0.04715133,0,9.9241
1,0.675835,0.4416896,0.3962264,0.04060256,0,6.4881
