id,x,y,z,d,mal,dmm
1,0.8402095,0.3663912,0.3136646,0.04191232,0,8.6333
