id,x,y,z,d,mal,dmm
1,0.3536346,0.6446281,0.4871795,0.04846108,0,12.9444
1,0.6948265,0.4416896,0.2905983,0.03274393,0,9.8157
1,0.654224,0.4839302,0.2905983,0.0419122,0,9.8157
