id,x,y,z,d,mal,dmm
1,0.1375246,0.5647383,0.2976879,0.08120498,0,21.3755
