id,x,y,z,d,mal,dmm
1,0.4263261,0.573921,0.4371069,0.06417811,0,15.9281
