id,x,y,z,d,mal,dmm
1,0.4695481,0.5518824,0.4125,0.05500984,0,11.9658
