id,x,y,z,d,mal,dmm
0,0.8886706,0.5555556,0.4409938,0.03405368,1,6.8222
0,0.340537,0.292011,0.6335404,0.03667319,1,8.6733
