id,x,y,z,d,mal,dmm
0,0.2508186,0.3443526,0.3825503,0.04060251,1,9.4936
