id,x,y,z,d,mal,dmm
0,0.3130321,0.7961432,0.4535211,0.02881467,1,7.088
0,0.3398821,0.3682277,0.743662,0.09561229,1,22.234
0,0.740668,0.6923783,0.7802817,0.05369997,1,13.367
