id,x,y,z,d,mal,dmm
0,0.3614931,0.6473829,0.2635135,0.08513427,1,20.1165
