id,x,y,z,d,mal,dmm
0,0.4151932,0.5748393,0.6206896,0.06024885,1,11.766
