id,x,y,z,d,mal,dmm
0,0.6647021,0.4747475,0.8321918,0.06941712,1,16.0791
