id,x,y,z,d,mal,dmm
0,0.6260642,0.7107438,0.3746223,0.03667319,1,6.366
