id,x,y,z,d,mal,dmm
0,0.7111984,0.6400367,0.2810651,0.0615586,1,22.122
