id,x,y,z,d,mal,dmm
0,0.8899804,0.5325987,0.5987055,0.0419122,1,10.8913
0,0.702685,0.2323232,0.6310679,0.04060245,1,8.3037
