id,x,y,z,d,mal,dmm
0,0.8585462,0.728191,0.1928571,0.04846096,1,14.8026
