id,x,y,z,d,mal,dmm
0,0.8153242,0.4168962,0.2740741,0.06548786,1,20.5004
0,0.7707924,0.2543618,0.4037037,0.04846096,1,9.0183
