id,x,y,z,d,mal,dmm
0,0.2894565,0.6997245,0.4222222,0.06548786,1,20.0184
