id,x,y,z,d,mal,dmm
0,0.1886051,0.6014692,0.1911765,0.02357563,1,9.1788
0,0.2292076,0.2947658,0.6294118,0.03012443,1,9.3932
