id,x,y,z,d,mal,dmm
0,0.3215455,0.5472911,0.6916426,0.03143418,1,10.4664
