id,x,y,z,d,mal,dmm
0,0.194499,0.5298439,0.502924,0.03143418,1,5.5988
