id,x,y,z,d,mal,dmm
0,0.6011788,0.7630854,0.5119761,0.04715133,1,8.5005
0,0.7491814,0.3783287,0.5119761,0.02488542,1,6.1365
1,0.6732154,0.6694215,0.5179641,0.06024885,0,12.0511
