id,x,y,z,d,mal,dmm
0,0.7996071,0.3810835,0.585034,0.0419122,1,7.8422
