id,x,y,z,d,mal,dmm
0,0.1748527,0.610652,0.6980519,0.06417811,1,15.2742
