id,x,y,z,d,mal,dmm
0,0.1178782,0.5087236,0.6168831,0.03929274,1,6.3282
