id,x,y,z,d,mal,dmm
0,0.5586116,0.677686,0.8285714,0.05239034,1,8.0949
