id,x,y,z,d,mal,dmm
0,0.3634578,0.6932966,0.8831169,0.04715127,1,7.2477
