id,x,y,z,d,mal,dmm
0,0.2265881,0.5665748,0.771605,0.04453176,1,11.9676
