id,x,y,z,d,mal,dmm
0,0.3451211,0.3452709,0.5559322,0.04846102,1,12.2545
