id,x,y,z,d,mal,dmm
0,0.2501637,0.6069789,0.6111111,0.05631953,1,16.0103
