id,x,y,z,d,mal,dmm
0,0.2874918,0.7529844,0.2923077,0.06679761,1,17.7817
