id,x,y,z,d,mal,dmm
0,0.6850033,0.8034894,0.4749164,0.05762935,1,10.1153
