id,x,y,z,d,mal,dmm
0,0.8506876,0.6685032,0.2073864,0.04977083,1,10.2584
