id,x,y,z,d,mal,dmm
0,0.7419778,0.5592287,0.7963637,0.03536344,1,7.2358
