id,x,y,z,d,mal,dmm
0,0.7229862,0.4940312,0.742268,0.1270466,1,25
0,0.2148003,0.4830119,0.6357388,0.09692204,1,26.0844
