id,x,y,z,d,mal,dmm
0,0.421742,0.7061524,0.3447205,0.03798294,1,3.9694
