id,x,y,z,d,mal,dmm
0,0.146038,0.2681359,0.6581921,0.04846105,1,9.5943
