id,x,y,z,d,mal,dmm
0,0.324165,0.7465565,0.7901235,0.06024885,1,19.2754
