id,x,y,z,d,mal,dmm
0,0.2770137,0.5059687,0.48,0.03405368,1,11.1023
0,0.3831041,0.667585,0.64,0.02357566,1,8.8767
