id,x,y,z,d,mal,dmm
0,0.3497053,0.5932048,0.8923077,0.06417811,1,13.5869
