id,x,y,z,d,mal,dmm
0,0.4066797,0.728191,0.5503145,0.06941718,1,22.0106
