id,x,y,z,d,mal,dmm
0,0.8683693,0.7318641,0.3450704,0.04584157,1,12.7395
0,0.3588736,0.4196511,0.8133803,0.07727569,1,15.6969
