id,x,y,z,d,mal,dmm
0,0.2521284,0.3930211,0.5946844,0.06679761,1,12.5868
