id,x,y,z,d,mal,dmm
0,0.6182056,0.6960514,0.4296296,0.08251476,1,16
