id,x,y,z,d,mal,dmm
0,0.2907662,0.7612488,0.4147059,0.02226585,1,3.7379
