id,x,y,z,d,mal,dmm
0,0.6850033,0.6299357,0.8116883,0.09037328,1,23.1957
