id,x,y,z,d,mal,dmm
0,0.7531106,0.8044077,0.340625,0.04060256,1,8.6624
0,0.5867714,0.6271809,0.896875,0.03143418,1,6.0927
