id,x,y,z,d,mal,dmm
0,0.7203667,0.84573,0.375,0.06417811,1,17.3021
