id,x,y,z,d,mal,dmm
0,0.745907,0.2800735,0.4741935,0.08382452,1,17.555
