id,x,y,z,d,mal,dmm
0,0.6424361,0.6868687,0.8344827,0.04846108,1,10.4231
