id,x,y,z,d,mal,dmm
0,0.7419778,0.7373737,0.3228571,0.05370009,1,12.3389
1,0.6548789,0.5656565,0.5028571,0.07334638,0,16.2501
