id,x,y,z,d,mal,dmm
1,0.7858546,0.748393,0.2147059,0.07072687,0,9.7577
