id,x,y,z,d,mal,dmm
0,0.3123772,0.7015611,0.6656442,0.07727569,1,22.9752
