id,x,y,z,d,mal,dmm
0,0.3713163,0.6528926,0.4822485,0.03012443,1,9.0937
