id,x,y,z,d,mal,dmm
0,0.1938441,0.5950413,0.6103448,0.03012443,1,6.4077
1,0.7806156,0.3663912,0.1344828,0.07072699,0,12.2531
