id,x,y,z,d,mal,dmm
0,0.7655534,0.2874196,0.3442623,0.0733465,1,17.5949
0,0.3719712,0.3067034,0.6262295,0.03667319,1,10.7025
