id,x,y,z,d,mal,dmm
0,0.2665357,0.5215794,0.414557,0.09823179,1,16
