id,x,y,z,d,mal,dmm
0,0.1106745,0.3636364,0.4425287,0.03143419,1,8.5363
0,0.3411919,0.1818182,0.5775862,0.03667319,1,8.0199
