id,x,y,z,d,mal,dmm
0,0.2292076,0.5922865,0.5784615,0.0471513,1,12.8781
1,0.6077276,0.5408632,0.6276923,0.04584146,0,13.3534
