id,x,y,z,d,mal,dmm
0,0.2966601,0.302112,0.6518518,0.03274393,1,8.0548
