id,x,y,z,d,mal,dmm
0,0.4747872,0.3103765,0.6879194,0.03667319,1,8.5536
