id,x,y,z,d,mal,dmm
0,0.2986248,0.4297521,0.5157233,0.07727569,1,23.2714
