id,x,y,z,d,mal,dmm
0,0.2685003,0.758494,0.4096386,0.09692204,1,21.9171
