id,x,y,z,d,mal,dmm
0,0.7367387,0.5215794,0.5572289,0.04584157,1,14.501
0,0.7753766,0.4269972,0.5572289,0.04322195,1,15.0663
