id,x,y,z,d,mal,dmm
0,0.2599869,0.7474747,0.6172839,0.08644402,1,16
