id,x,y,z,d,mal,dmm
0,0.3130321,0.4343434,0.6288344,0.03143418,1,9.1254
