id,x,y,z,d,mal,dmm
0,0.7681729,0.3673095,0.4402985,0.01964641,1,5.3507
1,0.3523248,0.553719,0.4291045,0.0969221,0,8.1836
