id,x,y,z,d,mal,dmm
0,0.3398821,0.5417814,0.8846154,0.05631953,1,21.2628
