id,x,y,z,d,mal,dmm
0,0.6843484,0.5417814,0.6201299,0.06679761,1,18.1617
