id,x,y,z,d,mal,dmm
0,0.3202358,0.7465565,0.7816456,0.07203668,1,22.7859
