id,x,y,z,d,mal,dmm
0,0.3235101,0.4022039,0.5344828,0.04846108,1,16.8164
