id,x,y,z,d,mal,dmm
0,0.3916175,0.5041322,0.8881356,0.04322201,1,14.348
