id,x,y,z,d,mal,dmm
0,0.7544205,0.4334252,0.5764075,0.06548786,1,13.1407
