id,x,y,z,d,mal,dmm
0,0.2278978,0.5188246,0.5162242,0.03274393,1,8.6179
1,0.6149312,0.4242424,0.6253687,0.05239034,0,8.6085
