id,x,y,z,d,mal,dmm
0,0.4066797,0.7125803,0.4583333,0.05500984,1,9.8166
