id,x,y,z,d,mal,dmm
0,0.2717747,0.6923783,0.8154362,0.04977083,1,10.9889
