id,x,y,z,d,mal,dmm
0,0.3798297,0.7640037,0.6179402,0.03536344,1,5.6832
