id,x,y,z,d,mal,dmm
0,0.2030124,0.4224059,0.5653409,0.08382452,1,15.2646
