id,x,y,z,d,mal,dmm
0,0.1931893,0.5757576,0.3272727,0.04584152,1,10.2558
