id,x,y,z,d,mal,dmm
0,0.113294,0.5381083,0.3612717,0.043222,1,11.49
1,0.2901113,0.523416,0.3612717,0.05631959,0,9.1836
