id,x,y,z,d,mal,dmm
0,0.400131,0.4554637,0.8059211,0.06810737,1,24.5693
