id,x,y,z,d,mal,dmm
0,0.5939751,0.6758494,0.6115942,0.03274393,1,7.0999
