id,x,y,z,d,mal,dmm
0,0.8133595,0.3875115,0.2628571,0.075966,1,26.2613
