id,x,y,z,d,mal,dmm
0,0.3863785,0.7089072,0.6067073,0.03929269,1,8.6431
