id,x,y,z,d,mal,dmm
0,0.3425016,0.3048669,0.4571429,0.06548786,1,11.5939
