id,x,y,z,d,mal,dmm
0,0.7825802,0.3067034,0.6285715,0.04191232,1,8.5749
1,0.6306483,0.426079,0.5333334,0.02750492,0,7.3672
1,0.5985593,0.446281,0.5333334,0.0615586,0,7.3672
