id,x,y,z,d,mal,dmm
0,0.2678455,0.580349,0.7379518,0.09561229,1,20.6011
