id,x,y,z,d,mal,dmm
0,0.8533071,0.4876033,0.3017544,0.05500984,1,11.2813
