id,x,y,z,d,mal,dmm
0,0.7059594,0.5748393,0.5025773,0.0733465,1,19.904
