id,x,y,z,d,mal,dmm
0,0.5972495,0.573921,0.92,0.04846108,1,14.0522
