id,x,y,z,d,mal,dmm
0,0.3425016,0.4995409,0.8120567,0.06810737,1,14.5515
