id,x,y,z,d,mal,dmm
0,0.367387,0.5757576,0.5888158,0.08644402,1,22.1335
