id,x,y,z,d,mal,dmm
0,0.3844139,0.7676768,0.3827586,0.0445317,1,7.7826
0,0.7544205,0.5546373,0.5724138,0.03929269,1,7.4436
