id,x,y,z,d,mal,dmm
0,0.2671906,0.3213958,0.5122699,0.04453176,1,15.1832
