id,x,y,z,d,mal,dmm
0,0.3523248,0.4288338,0.5,0.0969221,1,13.5378
