id,x,y,z,d,mal,dmm
0,0.8258022,0.6538109,0.3393782,0.07465625,1,6.6453
