id,x,y,z,d,mal,dmm
1,0.1755075,0.338843,0.1867089,0.06024885,0,0
