id,x,y,z,d,mal,dmm
0,0.2233137,0.7327824,0.4054054,0.04453176,1,10.754
0,0.6529142,0.3314968,0.5444015,0.05762935,1,11.6778
0,0.453831,0.3471074,0.5714286,0.05631959,1,9.0265
