id,x,y,z,d,mal,dmm
0,0.1951539,0.6538109,0.5949008,0.06024885,1,13.6172
