id,x,y,z,d,mal,dmm
0,0.7275704,0.4591368,0.5397351,0.1322855,1,25
