id,x,y,z,d,mal,dmm
0,0.5893909,0.7134987,0.5763889,0.0903734,1,13.3706
