id,x,y,z,d,mal,dmm
0,0.2292076,0.4729109,0.4967949,0.03405371,1,11.3672
