id,x,y,z,d,mal,dmm
0,0.1781271,0.3682277,0.4295302,0.05370006,1,9.0021
0,0.7046496,0.7741047,0.4463087,0.06417811,1,8.0565
0,0.2239686,0.6730946,0.4597315,0.06155863,1,8.9535
