id,x,y,z,d,mal,dmm
1,0.6692862,0.9109275,0.8498498,0.04453182,0,8.6866
