id,x,y,z,d,mal,dmm
0,0.6548789,0.7575758,0.7682119,0.02750492,1,8.2905
