id,x,y,z,d,mal,dmm
0,0.2311722,0.7162535,0.4968944,0.037983,1,8.3999
