id,x,y,z,d,mal,dmm
0,0.3863785,0.3617998,0.4723926,0.03012443,1,8.6138
