id,x,y,z,d,mal,dmm
0,0.7013752,0.2993572,0.5342466,0.04977083,1,9.414
0,0.3850688,0.4453627,0.8321918,0.03405368,1,8.1182
0,0.8447937,0.5684114,0.7910959,0.02357554,1,5.5558
