id,x,y,z,d,mal,dmm
1,0.8598559,0.3213958,0.3745455,0.075966,0,16.5685
1,0.4341847,0.1928375,0.4109091,0.06286836,0,15.1446
