id,x,y,z,d,mal,dmm
0,0.5808775,0.6813591,0.5129032,0.01964641,1,4.3838
