id,x,y,z,d,mal,dmm
0,0.3163065,0.7392103,0.4757576,0.0353635,1,9.4786
0,0.1977734,0.3278237,0.4848485,0.02357563,1,8.638
