id,x,y,z,d,mal,dmm
0,0.6345776,0.6483012,0.7234042,0.03274393,1,13.6377
0,0.686313,0.6299357,0.7021276,0.02095616,1,13.6377
