id,x,y,z,d,mal,dmm
0,0.62148,0.7520661,0.4790419,0.03274393,1,9.7388
0,0.2724296,0.3002755,0.4760479,0.04060245,1,5.5394
