id,x,y,z,d,mal,dmm
0,0.356909,0.348944,0.4803922,0.03929269,1,17.9243
