id,x,y,z,d,mal,dmm
0,0.1250819,0.6060606,0.3353659,0.03405368,1,8.8212
0,0.8709888,0.6088154,0.3353659,0.02357566,1,7.4561
