id,x,y,z,d,mal,dmm
0,0.62148,0.2460973,0.5697674,0.02226579,1,7.0329
0,0.2220039,0.6179982,0.494186,0.02357566,1,6.2849
