id,x,y,z,d,mal,dmm
0,0.1015062,0.4453627,0.5432099,0.0248854,1,7.8592
