id,x,y,z,d,mal,dmm
0,0.1041257,0.6483012,0.2169014,0.05239031,1,15.3113
