id,x,y,z,d,mal,dmm
0,0.4020956,0.6051424,0.7689655,0.05631959,1,16
