id,x,y,z,d,mal,dmm
1,0.6797643,0.5408632,0.5497237,0.04715121,0,10.5765
1,0.573019,0.5050505,0.5497237,0.04453182,0,7.7125
1,0.3274394,0.5087236,0.5801105,0.04060251,0,8.5319
