id,x,y,z,d,mal,dmm
0,0.1290111,0.3847567,0.4834254,0.04191223,1,9.2776
0,0.1958088,0.7438017,0.2679558,0.037983,1,9.5169
