id,x,y,z,d,mal,dmm
0,0.686313,0.580349,0.7466667,0.06810737,1,20.207
