id,x,y,z,d,mal,dmm
0,0.8480681,0.2626263,0.3356164,0.02881467,1,9.3936
