id,x,y,z,d,mal,dmm
0,0.7662082,0.2653811,0.3931035,0.03929281,1,6.2573
