id,x,y,z,d,mal,dmm
0,0.6954814,0.6556474,0.5714286,0.04977071,1,8.9293
0,0.4007859,0.5454546,0.7236025,0.04846102,1,16.2347
