id,x,y,z,d,mal,dmm
0,0.2003929,0.6437098,0.478125,0.03798297,1,9.4025
0,0.248854,0.1469238,0.2875,0.03536347,1,9.1505
1,0.5389653,0.5408632,0.61875,0.05631959,0,7.6089
