id,x,y,z,d,mal,dmm
0,0.2724296,0.251607,0.4403974,0.03274393,1,7.741
