id,x,y,z,d,mal,dmm
0,0.1899149,0.3663912,0.5091463,0.03274393,1,9.1296
