id,x,y,z,d,mal,dmm
0,0.2429601,0.758494,0.5024875,0.03536347,1,8.3124
0,0.8493779,0.4370983,0.2935323,0.04846108,1,8.4281
0,0.151277,0.5564739,0.2860697,0.04846102,1,7.559
