id,x,y,z,d,mal,dmm
0,0.7956778,0.5904499,0.7791411,0.03274393,1,4.4032
