id,x,y,z,d,mal,dmm
0,0.2501637,0.4903581,0.5858209,0.07465619,1,21.9026
