id,x,y,z,d,mal,dmm
0,0.2953504,0.661157,0.7986577,0.102161,1,24.0625
