id,x,y,z,d,mal,dmm
0,0.1362148,0.3204775,0.5359281,0.03143418,1,9.6438
0,0.8100851,0.2571166,0.491018,0.02095616,1,5.3046
