id,x,y,z,d,mal,dmm
0,0.5913556,0.6317723,0.8881579,0.05631959,1,15.8249
