id,x,y,z,d,mal,dmm
0,0.7007204,0.5298439,0.8308606,0.06548786,1,10.453
