id,x,y,z,d,mal,dmm
0,0.2390308,0.6216713,0.4801325,0.04060251,1,9.4924
