id,x,y,z,d,mal,dmm
0,0.675835,0.5050505,0.8509317,0.03012443,1,9.3403
