id,x,y,z,d,mal,dmm
0,0.7851998,0.3865932,0.306962,0.07203662,1,18.7023
