id,x,y,z,d,mal,dmm
0,0.1709234,0.7024794,0.375,0.03667322,1,4.0716
