id,x,y,z,d,mal,dmm
0,0.7648985,0.4986226,0.2944444,0.1074002,1,25
