id,x,y,z,d,mal,dmm
0,0.3064833,0.4527089,0.3107143,0.07727569,1,22.3565
0,0.6306483,0.516988,0.7785714,0.09823191,1,16
