id,x,y,z,d,mal,dmm
0,0.2318271,0.6877869,0.6736527,0.07203668,1,24.1414
