id,x,y,z,d,mal,dmm
1,0.6516045,0.4527089,0.416129,0.05239022,0,8.3415
