id,x,y,z,d,mal,dmm
0,0.1755075,0.312213,0.2985075,0.04060248,1,6.7909
0,0.1807466,0.610652,0.5014926,0.06417814,1,20.8453
