id,x,y,z,d,mal,dmm
0,0.2527832,0.2424242,0.4628378,0.02881467,1,9.24
1,0.6358874,0.5491276,0.6385135,0.05631948,0,13.3505
