id,x,y,z,d,mal,dmm
0,0.2946955,0.2699724,0.4213483,0.02488542,1,8.937
0,0.1001965,0.5013774,0.4325843,0.04846103,1,7.2707
0,0.2691552,0.6483012,0.8230337,0.0589391,1,18.5592
