id,x,y,z,d,mal,dmm
1,0.5507531,0.5087236,0.751634,0.0615586,0,11.741
1,0.4708579,0.4674013,0.7189543,0.04846102,0,11.741
