id,x,y,z,d,mal,dmm
0,0.7328094,0.5867769,0.6111111,0.04453182,1,8.0635
