id,x,y,z,d,mal,dmm
0,0.4191225,0.5812672,0.8109756,0.07334644,1,14.6311
0,0.6424361,0.486685,0.9207317,0.0589391,1,19.5077
