id,x,y,z,d,mal,dmm
0,0.1427636,0.5270891,0.5915916,0.08120498,1,12.2196
0,0.1990832,0.6639118,0.6246246,0.05108055,1,6.3664
