id,x,y,z,d,mal,dmm
0,0.7655534,0.2874196,0.3814103,0.02619517,1,8.7243
1,0.5396202,0.5087236,0.7307692,0.04191232,0,10.0956
