id,x,y,z,d,mal,dmm
0,0.6103471,0.6280992,0.8264706,0.08251476,1,11.9177
