id,x,y,z,d,mal,dmm
0,0.8749182,0.5371901,0.275,0.03274393,1,8.7663
0,0.1741978,0.5720845,0.340625,0.04846102,1,7.5419
