id,x,y,z,d,mal,dmm
0,0.2337918,0.7456382,0.2264706,0.04191223,1,7.5893
