id,x,y,z,d,mal,dmm
0,0.2770137,0.5381083,0.7030303,0.04584152,1,9.8857
