id,x,y,z,d,mal,dmm
0,0.8388998,0.6033058,0.3545454,0.02881467,1,5.9326
0,0.7583497,0.5197429,0.5515152,0.03929269,1,8.9835
0,0.789129,0.728191,0.5121212,0.04060245,1,6.2363
