id,x,y,z,d,mal,dmm
0,0.1611002,0.651056,0.5065359,0.03143418,1,8.5956
