id,x,y,z,d,mal,dmm
1,0.6607727,0.4885216,0.3214286,0.06417811,0,9.9355
