id,x,y,z,d,mal,dmm
0,0.3300589,0.6464646,0.8622754,0.08906353,1,22.2619
