id,x,y,z,d,mal,dmm
0,0.2881467,0.697888,0.1868132,0.07203662,1,14.4136
0,0.8821218,0.4077135,0.3516484,0.03667319,1,7.1131
0,0.1899149,0.6831956,0.5641026,0.04191226,1,9.067
0,0.6142763,0.3865932,0.7326007,0.02881467,1,8.7958
0,0.275704,0.6648301,0.7765568,0.04846102,1,13.6383
0,0.8120497,0.5812672,0.7582418,0.03798306,1,5.3559
