id,x,y,z,d,mal,dmm
0,0.2986248,0.6831956,0.8592376,0.04453176,1,7.2206
