id,x,y,z,d,mal,dmm
0,0.8670596,0.5068871,0.5104477,0.07465625,1,22.8518
