id,x,y,z,d,mal,dmm
0,0.8284218,0.6492195,0.5092251,0.08513415,1,21.8595
0,0.2206942,0.2892562,0.5608856,0.03929272,1,8.5328
