id,x,y,z,d,mal,dmm
0,0.8775377,0.6767676,0.246875,0.03012443,1,9.1011
