id,x,y,z,d,mal,dmm
0,0.2658808,0.4508724,0.6018237,0.0615586,1,15.9656
