id,x,y,z,d,mal,dmm
0,0.1146038,0.6097337,0.3209169,0.05631958,1,6.8233
0,0.2835625,0.338843,0.5959885,0.02750492,1,8.111
