id,x,y,z,d,mal,dmm
0,0.1709234,0.3507805,0.2732919,0.04191223,1,12.7607
0,0.1984283,0.5702479,0.5031056,0.07203668,1,16.0264
0,0.2835625,0.2855831,0.4596273,0.05762935,1,17.2438
