id,x,y,z,d,mal,dmm
0,0.3280943,0.6014692,0.6423077,0.09299278,1,24.6608
0,0.9089718,0.4554637,0.3,0.02226591,1,5.1272
