id,x,y,z,d,mal,dmm
0,0.3005894,0.2295684,0.5140187,0.03012443,1,9.1748
