id,x,y,z,d,mal,dmm
0,0.280943,0.6363636,0.6343042,0.04322201,1,9.892
0,0.2829077,0.4178145,0.7540453,0.02619517,1,6.0265
