id,x,y,z,d,mal,dmm
0,0.2521284,0.476584,0.7859155,0.04060251,1,9
