id,x,y,z,d,mal,dmm
0,0.3713163,0.728191,0.8201439,0.0798952,1,26.5981
0,0.7648985,0.6749311,0.6654676,0.03536344,1,8.5098
