id,x,y,z,d,mal,dmm
0,0.9521939,0.5876951,0.2986577,0.04060245,1,8.9219
1,0.4643091,0.6868687,0.4161074,0.05239034,0,10.1003
