id,x,y,z,d,mal,dmm
1,0.3772102,0.6336088,0.4307692,0.05500978,0,12.02
