id,x,y,z,d,mal,dmm
0,0.6745252,0.7979798,0.4612903,0.08382452,1,17.025
