id,x,y,z,d,mal,dmm
0,0.6306483,0.6097337,0.2585034,0.0615586,1,19.3749
