id,x,y,z,d,mal,dmm
0,0.7485265,0.4637282,0.7058824,0.06286836,1,19.1035
