id,x,y,z,d,mal,dmm
0,0.4302554,0.5298439,0.8539683,0.06810737,1,19.8956
0,0.6313032,0.5096419,0.7968254,0.07989526,1,25
