id,x,y,z,d,mal,dmm
0,0.7177472,0.7337006,0.4828767,0.0733465,1,21.2548
