id,x,y,z,d,mal,dmm
0,0.8742633,0.5913682,0.2063492,0.02619505,1,7.9346
0,0.2894565,0.28191,0.3174603,0.05370003,1,12.4117
