id,x,y,z,d,mal,dmm
0,0.4119188,0.6666667,0.5290322,0.03274393,1,5.1636
