id,x,y,z,d,mal,dmm
0,0.5979044,0.6372819,0.71875,0.02750492,1,8.6463
