id,x,y,z,d,mal,dmm
0,0.1866405,0.5913682,0.7121212,0.04191226,1,8.1521
