id,x,y,z,d,mal,dmm
0,0.8827767,0.6134068,0.2580645,0.03012443,1,11.3154
0,0.151277,0.3415978,0.2822581,0.04191223,1,8.9041
0,0.1270465,0.4912764,0.2862903,0.02881467,1,7.8382
0,0.7799607,0.4150597,0.3145161,0.02750492,1,10.3526
