id,x,y,z,d,mal,dmm
0,0.3379175,0.2607897,0.6407186,0.04322201,1,10.7854
