id,x,y,z,d,mal,dmm
1,0.681074,0.5059687,0.2674419,0.04977071,0,10.1793
