id,x,y,z,d,mal,dmm
0,0.2960052,0.4040404,0.7055215,0.04322201,1,8.8246
