id,x,y,z,d,mal,dmm
0,0.7655534,0.4683196,0.6327161,0.09954154,1,23.2962
0,0.81074,0.4655647,0.6388889,0.09430254,1,23.2962
