id,x,y,z,d,mal,dmm
0,0.2416503,0.5748393,0.4722222,0.02750489,1,7.0163
1,0.6391953,0.5417814,0.3981481,0.04931867,0,10.3477
