id,x,y,z,d,mal,dmm
0,0.1669941,0.5583104,0.6,0.04977077,1,12.8828
0,0.3464309,0.7511479,0.522449,0.05762935,1,9.6807
