id,x,y,z,d,mal,dmm
0,0.3542894,0.7043159,0.3835616,0.1401441,1,15.7231
