id,x,y,z,d,mal,dmm
0,0.3804846,0.7897153,0.2167832,0.06417811,1,12.2955
