id,x,y,z,d,mal,dmm
0,0.8637852,0.6382002,0.4593023,0.02750492,1,8.3753
