id,x,y,z,d,mal,dmm
0,0.1872953,0.7144169,0.3288136,0.04584152,1,9.3883
