id,x,y,z,d,mal,dmm
0,0.7380484,0.5206612,0.7430939,0.1270465,1,26.9853
