id,x,y,z,d,mal,dmm
0,0.951539,0.456382,0.1883562,0.04060245,1,6.4836
