id,x,y,z,d,mal,dmm
0,0.6077276,0.6556474,0.9112628,0.03274393,1,7.5491
