id,x,y,z,d,mal,dmm
0,0.8493779,0.7327824,0.5804196,0.03012443,1,4.7789
