id,x,y,z,d,mal,dmm
0,0.6876228,0.5913682,0.8543046,0.04977083,1,12.4624
0,0.7236411,0.5518824,0.8543046,0.04584157,1,12.4624
0,0.6221349,0.580349,0.8543046,0.05369997,1,11.8654
