id,x,y,z,d,mal,dmm
0,0.156516,0.493113,0.420339,0.03667322,1,10.306
