id,x,y,z,d,mal,dmm
0,0.4073347,0.5730028,0.3309091,0.09037328,1,10.6416
