id,x,y,z,d,mal,dmm
0,0.9240341,0.614325,0.2071006,0.03405368,1,7.5283
0,0.3359528,0.2332415,0.3964497,0.04322201,1,8.6341
0,0.1741978,0.7254362,0.4171598,0.04584152,1,9.1911
0,0.6496398,0.2874196,0.5384616,0.04715121,1,9.8814
0,0.3601834,0.7327824,0.5207101,0.05762935,1,8.9988
