id,x,y,z,d,mal,dmm
0,0.2239686,0.4205693,0.525974,0.04584152,1,7.9716
0,0.2318271,0.7254362,0.6493506,0.04977077,1,12.6611
