id,x,y,z,d,mal,dmm
0,0.6725606,0.6244261,0.2531646,0.0733465,1,11.5033
0,0.2311722,0.4839302,0.3955696,0.07596594,1,6.3368
0,0.8991486,0.5078053,0.5094936,0.03798306,1,9.4825
