id,x,y,z,d,mal,dmm
1,0.7865095,0.6400367,0.459375,0.0419122,0,12.7187
0,0.6745252,0.7630854,0.3875,0.05370009,1,6.1424
