id,x,y,z,d,mal,dmm
0,0.751146,0.6730946,0.6241379,0.09299278,1,20.5124
