id,x,y,z,d,mal,dmm
0,0.8480681,0.2865014,0.5358166,0.03274393,1,3.9978
0,0.6804191,0.3544536,0.6303725,0.03143418,1,4.5417
