id,x,y,z,d,mal,dmm
0,0.2442698,0.5454546,0.8716216,0.06286839,1,8.4803
