id,x,y,z,d,mal,dmm
0,0.7046496,0.3719008,0.5471698,0.02750492,1,2.7336
