id,x,y,z,d,mal,dmm
0,0.7701375,0.5564739,0.5084746,0.03274393,1,8.3972
0,0.2776686,0.3516988,0.5050848,0.05370009,1,7.1856
