id,x,y,z,d,mal,dmm
0,0.3686968,0.651056,0.3211921,0.06810743,1,8.201
