id,x,y,z,d,mal,dmm
0,0.6260642,0.7043159,0.6419355,0.08251476,1,26.0334
