id,x,y,z,d,mal,dmm
0,0.8565815,0.6437098,0.340836,0.08382452,1,21.288
