id,x,y,z,d,mal,dmm
0,0.6941716,0.7832874,0.3279221,0.04060245,1,8.9303
0,0.6928618,0.7796143,0.1558442,0.02488542,1,4.768
