id,x,y,z,d,mal,dmm
0,0.8585462,0.5775941,0.209375,0.02226579,1,7.7071
0,0.8284218,0.6850321,0.278125,0.0248853,1,7.6723
1,0.6273739,0.4628099,0.265625,0.06024885,0,8.1667
