id,x,y,z,d,mal,dmm
0,0.4656188,0.5656565,0.712963,0.02357566,1,7.5634
