id,x,y,z,d,mal,dmm
0,0.2842174,0.2240588,0.4875,0.01571709,1,4.5894
