id,x,y,z,d,mal,dmm
0,0.1800917,0.6382002,0.25,0.06679764,1,18.4971
