id,x,y,z,d,mal,dmm
0,0.6437459,0.4444444,0.7119114,0.1178782,1,25.9418
