id,x,y,z,d,mal,dmm
0,0.7917485,0.6078972,0.3936782,0.02619517,1,6.4463
