id,x,y,z,d,mal,dmm
0,0.6981009,0.5702479,0.6767372,0.1021612,1,25
0,0.6601179,0.493113,0.6767372,0.1100197,1,25
0,0.637852,0.5472911,0.7371601,0.09561229,1,25
