id,x,y,z,d,mal,dmm
0,0.3431565,0.6795225,0.5441989,0.0798952,1,25.3984
0,0.78389,0.5674931,0.8480663,0.06024885,1,12.3532
