id,x,y,z,d,mal,dmm
0,0.7779961,0.6400367,0.351706,0.04584157,1,8.9667
