id,x,y,z,d,mal,dmm
1,0.8238376,0.328742,0.3642384,0.04584157,0,9.7378
