id,x,y,z,d,mal,dmm
0,0.8886706,0.56382,0.3894737,0.0248853,1,9.4158
0,0.3208906,0.2727273,0.5263158,0.04191226,1,5.9148
