id,x,y,z,d,mal,dmm
1,0.8146693,0.3351699,0.05379747,0.02357554,0,3.5463
