id,x,y,z,d,mal,dmm
0,0.8120497,0.5463728,0.6389776,0.04584157,1,9
