id,x,y,z,d,mal,dmm
0,0.3994761,0.6124885,0.8628762,0.1126391,1,21.5629
