id,x,y,z,d,mal,dmm
0,0.8421742,0.3461892,0.2824859,0.03274405,1,8.3659
