id,x,y,z,d,mal,dmm
0,0.248854,0.6877869,0.6677018,0.02881464,1,6.4132
0,0.2737394,0.6078972,0.7795031,0.04453176,1,13.3827
