id,x,y,z,d,mal,dmm
0,0.7256058,0.5812672,0.3247588,0.04715121,1,10.1168
0,0.194499,0.3443526,0.5498392,0.03929272,1,9.1305
0,0.7210216,0.6639118,0.8874598,0.02750492,1,8.7962
