id,x,y,z,d,mal,dmm
0,0.2783235,0.3103765,0.3784722,0.06810743,1,14.7575
