id,x,y,z,d,mal,dmm
0,0.2082515,0.4086318,0.4694656,0.04191223,1,7.1736
0,0.789129,0.5454546,0.6374046,0.02357566,1,6.0173
