id,x,y,z,d,mal,dmm
0,0.908317,0.4921947,0.29375,0.01702678,1,8.8574
0,0.6502947,0.6923783,0.403125,0.04060245,1,12.9872
0,0.2527832,0.3067034,0.696875,0.03143418,1,7.2331
