id,x,y,z,d,mal,dmm
0,0.707924,0.6161616,0.8057971,0.03798306,1,12.6181
