id,x,y,z,d,mal,dmm
0,0.9076621,0.4820937,0.3983287,0.02619517,1,6.1548
