id,x,y,z,d,mal,dmm
0,0.729535,0.5426998,0.6390728,0.05762935,1,13.2119
