id,x,y,z,d,mal,dmm
0,0.2351015,0.6749311,0.465035,0.03536347,1,9.4573
