id,x,y,z,d,mal,dmm
0,0.2874918,0.5766758,0.7924528,0.04584152,1,16.5809
