id,x,y,z,d,mal,dmm
0,0.2750491,0.707989,0.2222222,0.03143418,1,9.0967
