id,x,y,z,d,mal,dmm
0,0.1643746,0.5491276,0.425,0.02750492,1,7.9483
