id,x,y,z,d,mal,dmm
1,0.3582187,0.5610652,0.3678571,0.06417811,0,13.791
