id,x,y,z,d,mal,dmm
0,0.1984283,0.5032139,0.3625731,0.03405371,1,9.819
0,0.4086444,0.6253443,0.3274854,0.01964635,1,9.113
0,0.7681729,0.5757576,0.3274854,0.0170269,1,7.3423
