id,x,y,z,d,mal,dmm
0,0.4020956,0.348944,0.4617834,0.04322201,1,9.7705
