id,x,y,z,d,mal,dmm
0,0.6516045,0.3654729,0.5641026,0.1008513,1,15.3408
0,0.6830387,0.4022039,0.6314102,0.08251464,1,15.3408
