id,x,y,z,d,mal,dmm
0,0.1283562,0.426079,0.465625,0.03667322,1,9.4542
0,0.6365423,0.4609734,0.640625,0.05369997,1,18.5047
