id,x,y,z,d,mal,dmm
0,0.4328749,0.3810835,0.6381215,0.02226585,1,7.6185
