id,x,y,z,d,mal,dmm
0,0.6895874,0.7134987,0.2893891,0.1074002,1,25.622
