id,x,y,z,d,mal,dmm
0,0.6096922,0.758494,0.5595668,0.06548786,1,15.7053
