id,x,y,z,d,mal,dmm
0,0.7976424,0.6326905,0.5,0.02488542,1,6.7484
