id,x,y,z,d,mal,dmm
0,0.8388998,0.553719,0.513245,0.03143418,1,4.9975
0,0.4047151,0.6198347,0.794702,0.02750492,1,5.4087
