id,x,y,z,d,mal,dmm
0,0.3739358,0.4839302,0.7133758,0.0615586,1,24.5967
