id,x,y,z,d,mal,dmm
0,0.1637197,0.3250689,0.2787879,0.03274393,1,8.9754
0,0.6653569,0.6492195,0.5121212,0.02226579,1,10.8505
