id,x,y,z,d,mal,dmm
0,0.3490504,0.573921,0.8274648,0.08513421,1,16
