id,x,y,z,d,mal,dmm
0,0.6987557,0.4793389,0.5,0.0615586,1,16
