id,x,y,z,d,mal,dmm
0,0.2534381,0.6896235,0.7760736,0.02619517,1,5.4696
