id,x,y,z,d,mal,dmm
0,0.340537,0.4554637,0.7198795,0.09430254,1,25
