id,x,y,z,d,mal,dmm
0,0.2612967,0.6483012,0.4380952,0.07203668,1,26.4003
