id,x,y,z,d,mal,dmm
0,0.7249509,0.3636364,0.444079,0.02881467,1,3.6364
