id,x,y,z,d,mal,dmm
0,0.7236411,0.3305785,0.6077845,0.01571715,1,7.2717
0,0.2370661,0.3030303,0.6077845,0.01440731,1,8.3953
