id,x,y,z,d,mal,dmm
0,0.697446,0.6923783,0.875,0.02488542,1,4.3444
