id,x,y,z,d,mal,dmm
0,0.1093648,0.6170799,0.3323353,0.04846103,1,9.2144
