id,x,y,z,d,mal,dmm
0,0.237721,0.5794307,0.5759494,0.06810737,1,17.8528
