id,x,y,z,d,mal,dmm
0,0.2940406,0.7878788,0.5905797,0.07334644,1,21.4653
