id,x,y,z,d,mal,dmm
0,0.7105436,0.7144169,0.5746032,0.08251464,1,16
0,0.7111984,0.7245179,0.5111111,0.07596588,1,16
