id,x,y,z,d,mal,dmm
0,0.3294041,0.7915519,0.5156695,0.08513427,1,25
