id,x,y,z,d,mal,dmm
0,0.8480681,0.5445363,0.3509434,0.02488542,1,8.6386
