id,x,y,z,d,mal,dmm
0,0.7773412,0.4921947,0.68,0.06810737,1,18.145
0,0.7930583,0.4857668,0.4923077,0.07203674,1,18.0141
