id,x,y,z,d,mal,dmm
0,0.7164375,0.4618917,0.5426829,0.09430254,1,21.4226
