id,x,y,z,d,mal,dmm
0,0.6725606,0.8402204,0.4896552,0.08120501,1,25
