id,x,y,z,d,mal,dmm
0,0.313687,0.6473829,0.7515923,0.08513427,1,17.9189
