id,x,y,z,d,mal,dmm
0,0.6961362,0.5445363,0.8324324,0.08251464,1,21.1565
1,0.3705651,0.6896235,0.7810811,0.04730618,0,9.069
