id,x,y,z,d,mal,dmm
0,0.7380484,0.71809,0.5032895,0.05500984,1,9.0849
0,0.6240996,0.4205693,0.6480263,0.0445317,1,12.0188
