id,x,y,z,d,mal,dmm
0,0.6365423,0.7125803,0.8192771,0.04584146,1,8.7341
0,0.2560576,0.3709826,0.563253,0.02750492,1,9.2429
