id,x,y,z,d,mal,dmm
0,0.1617551,0.6657484,0.3383686,0.03274396,1,5.1864
