id,x,y,z,d,mal,dmm
0,0.7766863,0.5895317,0.6881029,0.05631959,1,18.5745
0,0.5880812,0.56382,0.8167202,0.07727575,1,24.8229
