id,x,y,z,d,mal,dmm
0,0.1977734,0.3333333,0.2947368,0.02619517,1,9.1144
