id,x,y,z,d,mal,dmm
0,0.6509496,0.6639118,0.7248322,0.04322195,1,18.2173
