id,x,y,z,d,mal,dmm
0,0.2102161,0.3553719,0.5838926,0.02881467,1,8.9641
