id,x,y,z,d,mal,dmm
0,0.3804846,0.795225,0.77,0.05239028,1,12.4959
