id,x,y,z,d,mal,dmm
0,0.2023576,0.3994491,0.8150289,0.04584152,1,7.286
