id,x,y,z,d,mal,dmm
0,0.7518009,0.496786,0.801282,0.02619517,1,7.1298
