id,x,y,z,d,mal,dmm
0,0.6463654,0.7970615,0.4551971,0.07858551,1,20.1578
