id,x,y,z,d,mal,dmm
0,0.5979044,0.2809917,0.5525526,0.06810737,1,25
