id,x,y,z,d,mal,dmm
0,0.6516045,0.620753,0.3601398,0.04846096,1,10.1272
