id,x,y,z,d,mal,dmm
0,0.3149967,0.6400367,0.8466667,0.0589391,1,16.0333
