id,x,y,z,d,mal,dmm
0,0.6502947,0.5619835,0.2684564,0.03798294,1,9.573
