id,x,y,z,d,mal,dmm
0,0.3752456,0.5812672,0.4985075,0.0353635,1,11.9373
