id,x,y,z,d,mal,dmm
0,0.6869679,0.6629936,0.5032467,0.02226591,1,4.3736
