id,x,y,z,d,mal,dmm
0,0.3418468,0.5482094,0.930303,0.03929269,1,10.285
