id,x,y,z,d,mal,dmm
0,0.1997381,0.3764922,0.3563536,0.07203665,1,26.3129
