id,x,y,z,d,mal,dmm
0,0.3955468,0.7070707,0.849624,0.0798952,1,27.9011
