id,x,y,z,d,mal,dmm
0,0.2187295,0.6134068,0.7099698,0.04191223,1,14.9145
