id,x,y,z,d,mal,dmm
0,0.16241,0.6280992,0.5847458,0.04453173,1,11.7906
0,0.8277668,0.533517,0.5536723,0.01964641,1,8.7822
