id,x,y,z,d,mal,dmm
1,0.6267191,0.5757576,0.7083333,0.05631959,0,9.4674
