id,x,y,z,d,mal,dmm
0,0.2776686,0.5371901,0.5551602,0.07989526,1,21.434
