id,x,y,z,d,mal,dmm
0,0.9115914,0.6372819,0.239645,0.03012443,1,8.2533
