id,x,y,z,d,mal,dmm
0,0.2717747,0.4490358,0.6666667,0.07203668,1,16
