id,x,y,z,d,mal,dmm
0,0.9109365,0.5564739,0.3272727,0.04322195,1,9.3565
