id,x,y,z,d,mal,dmm
0,0.1453831,0.6152433,0.4369231,0.02488539,1,6.9451
