id,x,y,z,d,mal,dmm
0,0.4440078,0.7235996,0.6657682,0.04060251,1,16.2702
0,0.275704,0.7621671,0.8463612,0.0209561,1,7.6961
