id,x,y,z,d,mal,dmm
0,0.286182,0.5362718,0.7663934,0.02881467,1,5.9646
