id,x,y,z,d,mal,dmm
1,0.3903078,0.6473829,0.8471338,0.03405374,0,3.4398
