id,x,y,z,d,mal,dmm
0,0.3929273,0.7621671,0.53125,0.02619511,1,9.7411
1,0.6660118,0.4977043,0.3368056,0.04846096,0,7.5282
