id,x,y,z,d,mal,dmm
0,0.3117223,0.2626263,0.4031008,0.02881467,1,8.9102
0,0.1709234,0.3902663,0.4031008,0.02226588,1,6.3117
1,0.7367387,0.6639118,0.5387597,0.0589391,0,12.724
1,0.6064178,0.6069789,0.7248062,0.04846096,0,10.8955
