id,x,y,z,d,mal,dmm
0,0.09757695,0.4582185,0.2794118,0.02881467,1,7.8856
