id,x,y,z,d,mal,dmm
0,0.870334,0.5895317,0.4078947,0.02488542,1,9.5359
