id,x,y,z,d,mal,dmm
0,0.6981009,0.5224977,0.5337423,0.08644402,1,27.3687
