id,x,y,z,d,mal,dmm
0,0.853962,0.5619835,0.2358804,0.03143418,1,9.4034
