id,x,y,z,d,mal,dmm
0,0.6823838,0.6152433,0.5516224,0.04715121,1,20.838
0,0.6522593,0.6767676,0.7669616,0.04715121,1,23.557
1,0.6699411,0.6069789,0.4424779,0.07465613,0,20.838
0,0.3366077,0.2947658,0.4424779,0.03012443,1,9.481
