id,x,y,z,d,mal,dmm
0,0.3254748,0.4986226,0.6952381,0.08644402,1,25
0,0.205632,0.4710744,0.6539683,0.09692207,1,25
