id,x,y,z,d,mal,dmm
0,0.3745907,0.6795225,0.3461539,0.04715127,1,6.757
0,0.2416503,0.748393,0.1982249,0.02226588,1,8.9062
