id,x,y,z,d,mal,dmm
0,0.800262,0.4775023,0.7707182,0.02226579,1,9.245
