id,x,y,z,d,mal,dmm
0,0.1964637,0.6556474,0.7423313,0.04453176,1,9.8972
0,0.8493779,0.6639118,0.398773,0.02750492,1,8.9649
