id,x,y,z,d,mal,dmm
0,0.2671906,0.2837466,0.3920455,0.07596594,1,13.8632
