id,x,y,z,d,mal,dmm
0,0.3195809,0.6253443,0.4516129,0.05500984,1,14.6634
0,0.6516045,0.3186409,0.4516129,0.02881467,1,10.1327
1,0.5789129,0.5720845,0.6387097,0.05631959,0,10.8708
