id,x,y,z,d,mal,dmm
0,0.4302554,0.5748393,0.7581121,0.07465619,1,25
0,0.4341847,0.5693297,0.8053097,0.04977083,1,25
