id,x,y,z,d,mal,dmm
0,0.1106745,0.4600551,0.2960526,0.02357565,1,9.0428
0,0.3182711,0.3057851,0.5164474,0.03012443,1,8.2713
1,0.3863785,0.7015611,0.2138158,0.04977077,0,11.7399
