id,x,y,z,d,mal,dmm
0,0.2298625,0.4940312,0.3913043,0.1126391,1,19.0107
