id,x,y,z,d,mal,dmm
0,0.1846758,0.5004591,0.5492537,0.05370009,1,9.1238
0,0.1807466,0.6703398,0.519403,0.04060251,1,9.8006
