id,x,y,z,d,mal,dmm
0,0.2547479,0.4233241,0.7147541,0.037983,1,8.2423
