id,x,y,z,d,mal,dmm
0,0.3235101,0.6354454,0.7931035,0.08775377,1,27.0957
