id,x,y,z,d,mal,dmm
0,0.2619515,0.6262626,0.6917808,0.03536344,1,21.4923
