id,x,y,z,d,mal,dmm
0,0.6889325,0.6528926,0.8687943,0.02095616,1,5.9456
