id,x,y,z,d,mal,dmm
0,0.2567125,0.3939394,0.6778523,0.04060251,1,11.2505
