id,x,y,z,d,mal,dmm
0,0.8146693,0.6639118,0.5111941,0.02226579,1,4.4048
