id,x,y,z,d,mal,dmm
0,0.124427,0.4003673,0.3660131,0.07072692,1,19.0842
