id,x,y,z,d,mal,dmm
0,0.3804846,0.5785124,0.624031,0.01702684,1,8.8254
