id,x,y,z,d,mal,dmm
0,0.4092993,0.6602387,0.8703704,0.02226585,1,6.9298
