id,x,y,z,d,mal,dmm
0,0.2148003,0.2791552,0.6580645,0.02357563,1,9.5494
0,0.2089064,0.6648301,0.6193548,0.03929272,1,10.4147
