id,x,y,z,d,mal,dmm
0,0.3575639,0.2203857,0.3,0.07727569,1,21.7659
0,0.6640471,0.7465565,0.5193548,0.02488542,1,5.6726
