id,x,y,z,d,mal,dmm
0,0.6424361,0.6317723,0.8020304,0.06417811,1,25.137
