id,x,y,z,d,mal,dmm
0,0.5959398,0.4857668,0.7077922,0.0615586,1,13.0503
