id,x,y,z,d,mal,dmm
0,0.3778651,0.7190083,0.5640244,0.07203662,1,18.3696
