id,x,y,z,d,mal,dmm
1,0.4557957,0.5858586,0.5718563,0.09299284,0,17.1251
1,0.3169613,0.5316805,0.5598803,0.05500984,0,7.8226
