id,x,y,z,d,mal,dmm
0,0.3379175,0.6115702,0.9228395,0.05370009,1,11.3911
