id,x,y,z,d,mal,dmm
0,0.7996071,0.6914601,0.5125786,0.04322195,1,14.1977
0,0.7655534,0.697888,0.4716981,0.02226591,1,13.5883
0,0.7662082,0.7676768,0.4716981,0.03405368,1,14.1977
