id,x,y,z,d,mal,dmm
0,0.7111984,0.7594123,0.4656716,0.04715121,1,11.0535
