id,x,y,z,d,mal,dmm
1,0.7164375,0.1955923,0.090625,0.05762935,0,16.3058
0,0.7773412,0.6400367,0.25,0.03012443,1,6.9179
