id,x,y,z,d,mal,dmm
0,0.2246234,0.5298439,0.4022346,0.04453176,1,9.4905
0,0.7498363,0.543618,0.7681564,0.07203674,1,25.0559
