id,x,y,z,d,mal,dmm
0,0.2514735,0.6519743,0.65,0.03274393,1,6.6
