id,x,y,z,d,mal,dmm
0,0.167649,0.5904499,0.618705,0.03536347,1,9.1968
0,0.3346431,0.4426079,0.794964,0.05500984,1,13.4863
