id,x,y,z,d,mal,dmm
0,0.719057,0.7998164,0.4881356,0.03274393,1,7.715
