id,x,y,z,d,mal,dmm
0,0.7851998,0.6005509,0.4956522,0.03798294,1,7.9351
