id,x,y,z,d,mal,dmm
0,0.167649,0.5977961,0.4478022,0.04191226,1,10.2097
0,0.6332678,0.8328742,0.467033,0.05239034,1,10.9854
