id,x,y,z,d,mal,dmm
0,0.1761624,0.6556474,0.5,0.03012443,1,9.0543
