id,x,y,z,d,mal,dmm
1,0.4034054,0.5105602,0.6415663,0.06024885,0,13.8862
