id,x,y,z,d,mal,dmm
0,0.62148,0.758494,0.602649,0.0838244,1,20.2367
