id,x,y,z,d,mal,dmm
0,0.6764898,0.6538109,0.8709677,0.04322207,1,9.7167
1,0.8218729,0.4756657,0.2007169,0.02619517,0,6.3583
