id,x,y,z,d,mal,dmm
0,0.3411919,0.2690542,0.506135,0.02750492,1,5.3749
