id,x,y,z,d,mal,dmm
0,0.2933857,0.7906336,0.42,0.08513427,1,19.1597
0,0.09233791,0.5583104,0.3466667,0.03405371,1,8.718
