id,x,y,z,d,mal,dmm
1,0.7694827,0.4012856,0.5164179,0.07989514,0,17.1206
1,0.7655534,0.3921028,0.4,0.05762935,0,7.5864
1,0.6476752,0.3921028,0.4,0.08775377,0,7.9976
