id,x,y,z,d,mal,dmm
0,0.8513425,0.5941231,0.3649123,0.02488542,1,8.7233
0,0.1552063,0.4067952,0.4491228,0.03274393,1,9.9683
