id,x,y,z,d,mal,dmm
0,0.2979699,0.516988,0.4931507,0.05631959,1,22.3508
