id,x,y,z,d,mal,dmm
0,0.3595285,0.6574839,0.8773006,0.06810743,1,13.4294
