id,x,y,z,d,mal,dmm
0,0.8185986,0.7061524,0.3988439,0.03929269,1,8.7914
0,0.4250164,0.7098255,0.3988439,0.04453176,1,1.2487
