id,x,y,z,d,mal,dmm
0,0.3994761,0.614325,0.8480663,0.05762929,1,19.3721
