id,x,y,z,d,mal,dmm
0,0.2573674,0.5270891,0.7868853,0.05108058,1,10.3516
