id,x,y,z,d,mal,dmm
0,0.2567125,0.2984389,0.6441177,0.03405374,1,6.6335
