id,x,y,z,d,mal,dmm
0,0.2416503,0.5298439,0.6493902,0.05108055,1,12.0958
