id,x,y,z,d,mal,dmm
0,0.3398821,0.728191,0.4555556,0.04715127,1,14.2087
