id,x,y,z,d,mal,dmm
0,0.2200393,0.2029385,0.3522388,0.02488539,1,8.5426
0,0.4492469,0.6326905,0.8626866,0.02619517,1,6.1245
