id,x,y,z,d,mal,dmm
0,0.62148,0.7263545,0.4285714,0.02750492,1,9.1014
0,0.7707924,0.4876033,0.4285714,0.0248853,1,8.0159
