id,x,y,z,d,mal,dmm
0,0.1814014,0.3682277,0.3626374,0.09168303,1,26.3923
