id,x,y,z,d,mal,dmm
0,0.5979044,0.5684114,0.828125,0.08382452,1,19.2208
