id,x,y,z,d,mal,dmm
0,0.7478716,0.389348,0.7292308,0.07989526,1,24.9848
