id,x,y,z,d,mal,dmm
0,0.3058284,0.2947658,0.4512195,0.02357566,1,3.9076
