id,x,y,z,d,mal,dmm
0,0.3176163,0.271809,0.4453125,0.04322195,1,9.275
