id,x,y,z,d,mal,dmm
0,0.3601834,0.2956841,0.4872727,0.04715127,1,10.153
1,0.6450557,0.5454546,0.4909091,0.03929281,0,9.4087
