id,x,y,z,d,mal,dmm
0,0.5952849,0.6877869,0.5951661,0.03143418,1,11.037
0,0.8480681,0.5509642,0.3595166,0.02619517,1,7.5904
