id,x,y,z,d,mal,dmm
0,0.3320236,0.7428834,0.3534743,0.06417817,1,17.1896
