id,x,y,z,d,mal,dmm
0,0.6123117,0.7695133,0.2983426,0.05108058,1,20.1762
0,0.1434185,0.4710744,0.5220994,0.03012443,1,9.3509
1,0.8015717,0.5013774,0.2734807,0.06417811,0,12.1799
