id,x,y,z,d,mal,dmm
0,0.691552,0.7107438,0.1071429,0.03667331,1,8.403
