id,x,y,z,d,mal,dmm
0,0.7367387,0.7695133,0.6983051,0.05762935,1,13.7183
0,0.3706614,0.4683196,0.8847458,0.06548786,1,15.9239
