id,x,y,z,d,mal,dmm
0,0.8041912,0.7291093,0.3883495,0.04322195,1,9.5306
