id,x,y,z,d,mal,dmm
0,0.6686313,0.7438017,0.301282,0.05762935,1,14.9859
1,0.3555992,0.4517906,0.5096154,0.06548786,0,14.1562
