id,x,y,z,d,mal,dmm
0,0.4276359,0.5041322,0.3563636,0.02619517,1,8.0872
0,0.3110675,0.7134987,0.3636364,0.0235756,1,7.2309
