id,x,y,z,d,mal,dmm
0,0.6561886,0.3801653,0.5446154,0.1204977,1,25
0,0.6509496,0.3966942,0.6153846,0.0838244,1,25
