id,x,y,z,d,mal,dmm
1,0.3706614,0.5114784,0.5,0.06024885,0,10.9123
