id,x,y,z,d,mal,dmm
0,0.6522593,0.6372819,0.775,0.1178782,1,26.9348
