id,x,y,z,d,mal,dmm
0,0.6843484,0.6483012,0.3271605,0.04584146,1,9.2685
0,0.8205632,0.5518824,0.3148148,0.04060245,1,7.846
