id,x,y,z,d,mal,dmm
0,0.1434185,0.5316805,0.4604106,0.03143421,1,8.9744
1,0.6457105,0.5454546,0.4340176,0.06417811,0,4.9059
