id,x,y,z,d,mal,dmm
1,0.6444008,0.3921028,0.3550489,0.07858551,0,8.2598
1,0.5343812,0.4683196,0.2638437,0.0419122,0,5.1654
