id,x,y,z,d,mal,dmm
0,0.8945645,0.677686,0.347561,0.05631959,1,9.5979
