id,x,y,z,d,mal,dmm
0,0.2082515,0.3801653,0.3209169,0.03536347,1,19.9724
0,0.248854,0.4398531,0.3524355,0.0471513,1,19.9724
0,0.794368,0.3572085,0.3381089,0.02095616,1,12.6172
0,0.7118533,0.7988981,0.2808023,0.06679761,1,16.3735
