id,x,y,z,d,mal,dmm
0,0.7563851,0.5665748,0.7727273,0.06679761,1,23.4502
