id,x,y,z,d,mal,dmm
0,0.789129,0.4618917,0.3524804,0.07727563,1,18.5781
