id,x,y,z,d,mal,dmm
0,0.5874263,0.7337006,0.4013605,0.04584157,1,12.2757
0,0.7125082,0.7070707,0.4251701,0.02750492,1,8.5885
