id,x,y,z,d,mal,dmm
0,0.324165,0.6639118,0.8835617,0.02750492,1,6.71
