id,x,y,z,d,mal,dmm
0,0.1506221,0.4123049,0.4502924,0.1074001,1,24.2418
