id,x,y,z,d,mal,dmm
0,0.3222004,0.584022,0.9054878,0.03667325,1,7.3225
