id,x,y,z,d,mal,dmm
0,0.4616896,0.6189165,0.4814815,0.0798952,1,16
0,0.3601834,0.630854,0.4506173,0.0798952,1,16
