id,x,y,z,d,mal,dmm
0,0.1709234,0.7337006,0.4626437,0.1047806,1,14.8969
