id,x,y,z,d,mal,dmm
0,0.400131,0.7327824,0.4490446,0.03536344,1,9.9401
