id,x,y,z,d,mal,dmm
0,0.6339227,0.7318641,0.8451613,0.04191232,1,10.4409
