id,x,y,z,d,mal,dmm
0,0.3759004,0.610652,0.8557692,0.05500984,1,18.5936
