id,x,y,z,d,mal,dmm
0,0.7989522,0.2442608,0.3855422,0.06286836,1,17.4634
