id,x,y,z,d,mal,dmm
0,0.2089064,0.7272727,0.3342466,0.01964638,1,1.5797
