id,x,y,z,d,mal,dmm
0,0.3208906,0.6464646,0.7676057,0.09561229,1,23.7992
