id,x,y,z,d,mal,dmm
0,0.2370661,0.6822773,0.6193182,0.06679761,1,20.0929
0,0.3051735,0.7318641,0.4431818,0.04715127,1,13.387
