id,x,y,z,d,mal,dmm
1,0.7046496,0.6290175,0.2852941,0.04191232,0,10.8292
0,0.4302554,0.6345271,0.9088235,0.04453176,1,8.4108
