id,x,y,z,d,mal,dmm
0,0.1879502,0.4921947,0.5568182,0.07858548,1,17.0775
