id,x,y,z,d,mal,dmm
0,0.3968566,0.7043159,0.7549669,0.05631959,1,12.5228
