id,x,y,z,d,mal,dmm
1,0.8513425,0.4132231,0.4086379,0.06810737,0,13.1615
