id,x,y,z,d,mal,dmm
0,0.1126392,0.4141414,0.4424242,0.02488542,1,9.1858
0,0.2789784,0.2506887,0.4363636,0.0170269,1,8.8499
