id,x,y,z,d,mal,dmm
0,0.313687,0.5674931,0.9032258,0.06417811,1,19.7322
