id,x,y,z,d,mal,dmm
0,0.7072691,0.6786042,0.5833333,0.07989526,1,25
