id,x,y,z,d,mal,dmm
0,0.7491814,0.6253443,0.4371069,0.03405368,1,10.0827
0,0.3916175,0.3654729,0.5408805,0.03274399,1,9.4188
