id,x,y,z,d,mal,dmm
0,0.3477407,0.533517,0.5387597,0.04846102,1,15.15
