id,x,y,z,d,mal,dmm
0,0.8546169,0.6629936,0.3975904,0.03274393,1,8.6188
1,0.6332678,0.5004591,0.436747,0.04977083,0,8.1474
