id,x,y,z,d,mal,dmm
0,0.2128356,0.3342516,0.5337423,0.03143418,1,9.6106
