id,x,y,z,d,mal,dmm
0,0.8618206,0.3076217,0.2715655,0.04584146,1,17.2333
0,0.4466274,0.5050505,0.4408946,0.04453176,1,16.3202
