id,x,y,z,d,mal,dmm
0,0.3929273,0.7796143,0.4763314,0.05762935,1,24.4809
