id,x,y,z,d,mal,dmm
0,0.2148003,0.8016529,0.609589,0.1152587,1,24.3036
