id,x,y,z,d,mal,dmm
0,0.2940406,0.4490358,0.4419355,0.07465619,1,19.32
0,0.805501,0.4958678,0.6516129,0.05370009,1,20.4514
