id,x,y,z,d,mal,dmm
0,0.3313687,0.5987144,0.9363395,0.06155866,1,13.8137
