id,x,y,z,d,mal,dmm
0,0.8159791,0.6483012,0.4261745,0.04715121,1,15.5983
0,0.8637852,0.6538109,0.4328859,0.04715121,1,15.5983
