id,x,y,z,d,mal,dmm
0,0.280943,0.7759413,0.5823755,0.09430254,1,24.4121
