id,x,y,z,d,mal,dmm
0,0.1473477,0.476584,0.2366864,0.03536347,1,8.8341
