id,x,y,z,d,mal,dmm
0,0.7701375,0.6225895,0.8107345,0.08775377,1,24.5207
