id,x,y,z,d,mal,dmm
0,0.6588081,0.7125803,0.6578947,0.1388344,1,26.0617
