id,x,y,z,d,mal,dmm
0,0.2855272,0.6354454,0.7483871,0.07727569,1,23.452
0,0.4178127,0.5886134,0.8774194,0.04977077,1,19.7294
