id,x,y,z,d,mal,dmm
0,0.237721,0.5720845,0.7968254,0.1008514,1,24.8796
