id,x,y,z,d,mal,dmm
0,0.8474132,0.7171717,0.369509,0.05370009,1,16.2412
0,0.7059594,0.7933884,0.369509,0.04060256,1,7.7054
1,0.7033399,0.2764004,0.5167959,0.06417811,0,10.5055
