id,x,y,z,d,mal,dmm
0,0.2789784,0.2552801,0.4305556,0.037983,1,9.1476
