id,x,y,z,d,mal,dmm
0,0.3726261,0.6280992,0.7142857,0.04453176,1,13.8073
