id,x,y,z,d,mal,dmm
0,0.4937786,0.3204775,0.6666667,0.06548786,1,20.9113
