id,x,y,z,d,mal,dmm
0,0.2586772,0.5261708,0.8165138,0.03274393,1,9.7033
