id,x,y,z,d,mal,dmm
0,0.3425016,0.748393,0.6443662,0.03798294,1,10.2504
