id,x,y,z,d,mal,dmm
0,0.7648985,0.7805326,0.5951087,0.08644402,1,19.8035
