id,x,y,z,d,mal,dmm
0,0.7413229,0.5390266,0.376506,0.0838244,1,21.2524
0,0.4178127,0.7493113,0.4036145,0.03143418,1,8.2282
