id,x,y,z,d,mal,dmm
1,0.5422397,0.573921,0.7083333,0.04584157,0,9.9227
