id,x,y,z,d,mal,dmm
0,0.3713163,0.5748393,0.1843972,0.06679761,1,12.3146
