id,x,y,z,d,mal,dmm
0,0.2049771,0.4012856,0.7468355,0.05631956,1,19.1446
0,0.1709234,0.6547291,0.7341772,0.05500981,1,8.4095
