id,x,y,z,d,mal,dmm
0,0.1748527,0.5059687,0.6678082,0.07203668,1,13.1057
