id,x,y,z,d,mal,dmm
0,0.9155206,0.5555556,0.2926136,0.03667331,1,7.9177
