id,x,y,z,d,mal,dmm
0,0.5717092,0.7438017,0.2740741,0.06810749,1,17.1735
