id,x,y,z,d,mal,dmm
0,0.2180746,0.3177227,0.3345865,0.03536347,1,9.3504
