id,x,y,z,d,mal,dmm
0,0.8546169,0.5720845,0.3661972,0.07072699,1,25.9223
0,0.1309758,0.4086318,0.4014085,0.02750492,1,7.8471
