id,x,y,z,d,mal,dmm
0,0.8454486,0.3397613,0.7286586,0.02881467,1,5.1869
