id,x,y,z,d,mal,dmm
0,0.5907007,0.6648301,0.4591549,0.03143418,1,5.0591
