id,x,y,z,d,mal,dmm
0,0.1912246,0.5390266,0.2699386,0.06548789,1,23.5559
0,0.2770137,0.5289256,0.3496932,0.06548792,1,23.5559
