id,x,y,z,d,mal,dmm
0,0.8081205,0.4811754,0.5305555,0.06286836,1,19.1549
