id,x,y,z,d,mal,dmm
0,0.7688278,0.5922865,0.6914498,0.07334638,1,23.3272
