id,x,y,z,d,mal,dmm
1,0.64833,0.4977043,0.3560606,0.05762935,0,9.7789
