id,x,y,z,d,mal,dmm
0,0.221349,0.6134068,0.4875445,0.0497708,1,4.7575
