id,x,y,z,d,mal,dmm
0,0.7151277,0.5032139,0.8169935,0.06548786,1,21.731
