id,x,y,z,d,mal,dmm
1,0.6182056,0.4426079,0.6842105,0.05500984,0,15.1046
