id,x,y,z,d,mal,dmm
0,0.675835,0.3884298,0.6331169,0.04715133,1,17.6389
0,0.8277668,0.6216713,0.262987,0.02095616,1,6.7688
