id,x,y,z,d,mal,dmm
0,0.6777996,0.4416896,0.5887574,0.04977083,1,22.6287
