id,x,y,z,d,mal,dmm
0,0.1394892,0.5316805,0.2825397,0.03405371,1,8.4846
