id,x,y,z,d,mal,dmm
0,0.7046496,0.5757576,0.7209302,0.06810737,1,25.8512
