id,x,y,z,d,mal,dmm
0,0.2639162,0.4618917,0.678125,0.04060251,1,16.7713
0,0.3182711,0.6235078,0.70625,0.03929269,1,11.5441
