id,x,y,z,d,mal,dmm
0,0.9115914,0.3902663,0.183871,0.0419122,1,8.009
