id,x,y,z,d,mal,dmm
1,0.7616241,0.466483,0.460452,0.06679761,0,20.9517
