id,x,y,z,d,mal,dmm
0,0.2554027,0.5472911,0.7631579,0.0589391,1,16.6214
