id,x,y,z,d,mal,dmm
0,0.2573674,0.7217631,0.5035211,0.119188,1,17.4673
0,0.7590046,0.6721763,0.5035211,0.06286836,1,24.9747
