id,x,y,z,d,mal,dmm
0,0.4557957,0.5528007,0.3064516,0.03143418,1,8.9263
