id,x,y,z,d,mal,dmm
0,0.3032089,0.4343434,0.6625,0.0615586,1,24.0797
0,0.3614931,0.6703398,0.69375,0.06679767,1,21.1617
0,0.3235101,0.6804408,0.709375,0.07334644,1,21.1617
