id,x,y,z,d,mal,dmm
0,0.7956778,0.7603306,0.2736842,0.04584157,1,9.8975
