id,x,y,z,d,mal,dmm
0,0.713818,0.6033058,0.6523077,0.06286836,1,14.5732
0,0.6771447,0.5224977,0.8615385,0.04977083,1,14.3378
1,0.3726261,0.493113,0.8153846,0.05500984,0,11.8251
