id,x,y,z,d,mal,dmm
0,0.8074656,0.6538109,0.3741935,0.04715133,1,10.0289
0,0.3831041,0.7190083,0.3258064,0.05108052,1,9.23
