id,x,y,z,d,mal,dmm
0,0.1558612,0.6942149,0.2374101,0.03405368,1,8.5164
