id,x,y,z,d,mal,dmm
0,0.2678455,0.6528926,0.7638889,0.0589391,1,15.9484
0,0.3005894,0.5408632,0.7222222,0.07203668,1,17.2139
0,0.3077931,0.4040404,0.6875,0.06417817,1,18.5851
