id,x,y,z,d,mal,dmm
0,0.3222004,0.6666667,0.6715977,0.05239034,1,15.1258
