id,x,y,z,d,mal,dmm
0,0.3012443,0.4921947,0.2696629,0.037983,1,6.5951
