id,x,y,z,d,mal,dmm
0,0.6653569,0.6914601,0.3170732,0.04322195,1,8.417
