id,x,y,z,d,mal,dmm
0,0.05631958,0.5096419,0.2290323,0.02357565,1,6.9297
