id,x,y,z,d,mal,dmm
0,0.8330059,0.6519743,0.3575419,0.03667319,1,8.6588
