id,x,y,z,d,mal,dmm
0,0.1827112,0.5096419,0.4591837,0.02619514,1,1.0768
