id,x,y,z,d,mal,dmm
0,0.09168304,0.71809,0.2721893,0.06679766,1,14.0187
