id,x,y,z,d,mal,dmm
0,0.8127046,0.6115702,0.6619718,0.05631959,1,15.8525
