id,x,y,z,d,mal,dmm
0,0.7688278,0.4251607,0.6051136,0.1178781,1,23.6817
