id,x,y,z,d,mal,dmm
1,0.8637852,0.4132231,0.1288344,0.07203662,0,18.3887
1,0.3287492,0.6831956,0.6380368,0.04584152,0,10.7782
