id,x,y,z,d,mal,dmm
0,0.6083825,0.671258,0.3571429,0.06941712,1,19.049
