id,x,y,z,d,mal,dmm
0,0.3654224,0.5867769,0.3264706,0.07596594,1,24.7729
