id,x,y,z,d,mal,dmm
0,0.3876883,0.3094582,0.4924242,0.02488542,1,5.6721
