id,x,y,z,d,mal,dmm
0,0.4119188,0.7089072,0.7521127,0.06810743,1,23.7327
