id,x,y,z,d,mal,dmm
0,0.4086444,0.5656565,0.8817568,0.1060904,1,26.2181
