id,x,y,z,d,mal,dmm
0,0.1152587,0.6088154,0.3527607,0.02750492,1,9.3852
0,0.8519974,0.6244261,0.3251534,0.03405368,1,9.6373
