id,x,y,z,d,mal,dmm
0,0.2475442,0.5188246,0.5680473,0.037983,1,8.7964
0,0.3438114,0.4086318,0.5621302,0.03012443,1,7.0271
0,0.3182711,0.3553719,0.5621302,0.02226585,1,6.3334
