id,x,y,z,d,mal,dmm
0,0.6954814,0.5298439,0.8736559,0.03667319,1,8.9833
