id,x,y,z,d,mal,dmm
1,0.3857237,0.5472911,0.4166667,0.04977077,0,10.6306
0,0.1362148,0.6473829,0.4679487,0.07203665,1,17.8963
