id,x,y,z,d,mal,dmm
0,0.2141454,0.4233241,0.3027211,0.06024885,1,14.6837
0,0.1669941,0.3636364,0.5748299,0.02488539,1,6.9244
