id,x,y,z,d,mal,dmm
0,0.2789784,0.4637282,0.748503,0.06155866,1,8.7555
