id,x,y,z,d,mal,dmm
0,0.6751801,0.6850321,0.8757962,0.03798306,1,9.4069
