id,x,y,z,d,mal,dmm
0,0.3883432,0.4444444,0.6272401,0.03012443,1,7.4029
