id,x,y,z,d,mal,dmm
0,0.6365423,0.7015611,0.3377049,0.06810737,1,23.3744
