id,x,y,z,d,mal,dmm
0,0.8533071,0.3820018,0.4208955,0.0733465,1,21.9371
