id,x,y,z,d,mal,dmm
0,0.5933203,0.7235996,0.4591029,0.04322195,1,9.1251
0,0.3719712,0.7630854,0.4643799,0.03143418,1,7.6163
