id,x,y,z,d,mal,dmm
0,0.7603143,0.5867769,0.4666667,0.0615586,1,17.0862
0,0.2370661,0.5849403,0.5121212,0.07858545,1,12.6217
0,0.2560576,0.4545455,0.5121212,0.05500984,1,16.2674
