id,x,y,z,d,mal,dmm
0,0.8421742,0.3324151,0.525,0.04322207,1,12.3246
