id,x,y,z,d,mal,dmm
0,0.8519974,0.4040404,0.4184615,0.02881467,1,9.0447
1,0.4479371,0.5895317,0.6738461,0.06088084,0,17.0881
