id,x,y,z,d,mal,dmm
0,0.6188605,0.7722681,0.5460526,0.03536355,1,8.7991
