id,x,y,z,d,mal,dmm
0,0.3333333,0.1983471,0.3859649,0.03536344,1,8.8456
0,0.146038,0.5426998,0.4070175,0.04584152,1,6.5697
