id,x,y,z,d,mal,dmm
1,0.611002,0.4453627,0.6242236,0.0445317,0,7.4387
