id,x,y,z,d,mal,dmm
0,0.4099542,0.5344353,0.2146893,0.06024885,1,14.3078
0,0.3215455,0.5280073,0.2231638,0.04453176,1,13.4292
