id,x,y,z,d,mal,dmm
0,0.3608382,0.2442608,0.5149701,0.04191226,1,12.3073
