id,x,y,z,d,mal,dmm
0,0.3333333,0.3048669,0.56,0.03143418,1,8.8975
