id,x,y,z,d,mal,dmm
0,0.6064178,0.513315,0.659375,0.0419122,1,8.3526
0,0.4112639,0.7869605,0.78125,0.04977077,1,9.3972
