id,x,y,z,d,mal,dmm
0,0.3333333,0.6363636,0.7014925,0.05370003,1,17.2266
