id,x,y,z,d,mal,dmm
0,0.1735429,0.8365473,0.315942,0.04322198,1,7.809
0,0.6574984,0.6078972,0.7217391,0.0733465,1,13.7363
0,0.8153242,0.7107438,0.5246377,0.04584146,1,8.2657
