id,x,y,z,d,mal,dmm
0,0.7976424,0.476584,0.6590909,0.09561241,1,27.6943
