id,x,y,z,d,mal,dmm
0,0.1820563,0.4490358,0.6205674,0.04453176,1,12.3056
