id,x,y,z,d,mal,dmm
0,0.18926,0.5528007,0.5714286,0.07727569,1,25.1497
