id,x,y,z,d,mal,dmm
0,0.6941716,0.7392103,0.3275862,0.08513415,1,23.7875
