id,x,y,z,d,mal,dmm
0,0.4479371,0.5206612,0.7795031,0.05370009,1,17.1989
