id,x,y,z,d,mal,dmm
0,0.5756385,0.2112029,0.5514286,0.07858539,1,21.3862
