id,x,y,z,d,mal,dmm
0,0.6705959,0.6905418,0.8121019,0.03536344,1,8.8638
0,0.1787819,0.5482094,0.7898089,0.04060248,1,7.0056
