id,x,y,z,d,mal,dmm
0,0.8146693,0.7832874,0.464497,0.02750492,1,8.459
