id,x,y,z,d,mal,dmm
0,0.3732809,0.6354454,0.8930818,0.03274393,1,8.7746
