id,x,y,z,d,mal,dmm
0,0.3366077,0.6960514,0.2907801,0.1047806,1,23.8396
