id,x,y,z,d,mal,dmm
0,0.6489849,0.4499541,0.6297469,0.08120501,1,18.4157
