id,x,y,z,d,mal,dmm
0,0.3202358,0.6556474,0.7239264,0.05762935,1,13.5542
