id,x,y,z,d,mal,dmm
0,0.1938441,0.5794307,0.3534483,0.04715127,1,11.557
0,0.6705959,0.3241506,0.5632184,0.0445317,1,15.2487
