id,x,y,z,d,mal,dmm
0,0.6509496,0.7428834,0.5974843,0.08906353,1,25.9757
