id,x,y,z,d,mal,dmm
0,0.3235101,0.2332415,0.2148148,0.03274399,1,13.2757
0,0.6090373,0.5298439,0.8333333,0.09823179,1,23.2454
