id,x,y,z,d,mal,dmm
0,0.2514735,0.3030303,0.4049296,0.03667319,1,8.9673
