id,x,y,z,d,mal,dmm
0,0.7197118,0.7327824,0.3178571,0.08513427,1,27.2038
