id,x,y,z,d,mal,dmm
0,0.8212181,0.6795225,0.3485915,0.02619517,1,8.9589
