id,x,y,z,d,mal,dmm
0,0.2842174,0.338843,0.4075235,0.06286836,1,16.3229
0,0.2927308,0.3434343,0.4796238,0.08513427,1,16.3229
1,0.8225278,0.6382002,0.4796238,0.06941724,0,20.57
