id,x,y,z,d,mal,dmm
0,0.1584807,0.4655647,0.2322946,0.02881467,1,7.0373
1,0.643091,0.4444444,0.3909349,0.04977083,0,12.3582
1,0.6024885,0.4784206,0.3909349,0.03798306,0,12.3582
1,0.5442043,0.4747475,0.3909349,0.05108058,0,10.7836
