id,x,y,z,d,mal,dmm
0,0.8533071,0.6023875,0.4212329,0.0170269,1,9.1192
