id,x,y,z,d,mal,dmm
0,0.3483956,0.667585,0.50625,0.05108052,1,13.8057
