id,x,y,z,d,mal,dmm
0,0.6385069,0.5867769,0.2934783,0.01571703,1,8.7701
0,0.1198428,0.5674931,0.298913,0.03274396,1,9.2278
