id,x,y,z,d,mal,dmm
0,0.1466929,0.707989,0.3740741,0.03405371,1,6.8353
0,0.681074,0.7878788,0.6777778,0.02357554,1,4.7843
