id,x,y,z,d,mal,dmm
0,0.3444663,0.5142332,0.7636986,0.08120501,1,26.9656
