id,x,y,z,d,mal,dmm
0,0.5507531,0.6336088,0.8474026,0.05631959,1,16.382
