id,x,y,z,d,mal,dmm
0,0.3700066,0.7061524,0.1984733,0.03143418,1,9.077
