id,x,y,z,d,mal,dmm
0,0.7478716,0.6464646,0.8628762,0.02619517,1,6.1162
