id,x,y,z,d,mal,dmm
0,0.3058284,0.3158861,0.5182292,0.03405368,1,8.9138
