id,x,y,z,d,mal,dmm
0,0.2796333,0.2598715,0.5437158,0.03012443,1,8.2976
0,0.4145383,0.5610652,0.8688524,0.0798952,1,20.9923
