id,x,y,z,d,mal,dmm
0,0.2914211,0.6216713,0.7727273,0.06548786,1,24.0627
0,0.1879502,0.6685032,0.3993506,0.03012443,1,7.788
