id,x,y,z,d,mal,dmm
0,0.2455796,0.5087236,0.5191489,0.03667319,1,8.2323
1,0.4178127,0.5463728,0.5361702,-0.1493124,0,0
1,0.356909,0.4986226,0.5361702,0.08644402,0,19.36
