id,x,y,z,d,mal,dmm
0,0.2750491,0.2837466,0.5282486,0.0798952,1,14.0381
0,0.7452521,0.2782369,0.6016949,0.03798294,1,12.2886
