id,x,y,z,d,mal,dmm
0,0.3470858,0.2066116,0.4525316,0.01571709,1,9.0345
