id,x,y,z,d,mal,dmm
0,0.1820563,0.5757576,0.4155844,0.08382449,1,24.7056
