id,x,y,z,d,mal,dmm
0,0.232482,0.3562902,0.4161491,0.0353635,1,10.0404
0,0.2187295,0.5693297,0.6863354,0.05762932,1,16.9783
0,0.248854,0.6648301,0.6863354,0.09299278,1,16.9783
