id,x,y,z,d,mal,dmm
0,0.719057,0.1303949,0.4509091,0.05631959,1,20.7214
