id,x,y,z,d,mal,dmm
0,0.3680419,0.6097337,0.9069768,0.05370009,1,15.0162
