id,x,y,z,d,mal,dmm
0,0.3195809,0.40955,0.7647059,0.1060904,1,25
