id,x,y,z,d,mal,dmm
0,0.1872953,0.2984389,0.4742857,0.01964638,1,6.4725
