id,x,y,z,d,mal,dmm
0,0.286182,0.7125803,0.8548896,0.04846108,1,13.8746
