id,x,y,z,d,mal,dmm
0,0.6561886,0.3682277,0.6335617,0.05370009,1,21.5073
1,0.3634578,0.5059687,0.6061644,0.06286836,0,14.4558
