id,x,y,z,d,mal,dmm
0,0.7125082,0.6225895,0.9037267,0.03405368,1,8.9323
