id,x,y,z,d,mal,dmm
0,0.8461035,0.379247,0.4657143,0.02750492,1,9.0423
0,0.1800917,0.4830119,0.4228571,0.03143418,1,8.1778
