id,x,y,z,d,mal,dmm
0,0.1938441,0.4554637,0.5833333,0.05762935,1,13.0754
0,0.7760314,0.6758494,0.7333333,0.03667319,1,8.8343
