id,x,y,z,d,mal,dmm
0,0.2481991,0.476584,0.56,0.09561232,1,25.7002
