id,x,y,z,d,mal,dmm
0,0.8244925,0.4793389,0.4387097,0.02488542,1,9.0023
0,0.6764898,0.3728191,0.5645161,0.04584157,1,14.8987
