id,x,y,z,d,mal,dmm
0,0.3392272,0.56382,0.8776978,0.05239034,1,19.8546
