id,x,y,z,d,mal,dmm
1,0.7773412,0.5472911,0.2769231,0,0,11.4715
1,0.7721022,0.5445363,0.2769231,0.06548786,0,11.4715
