id,x,y,z,d,mal,dmm
0,0.8749182,0.6152433,0.3171428,0.0248853,1,9.3226
0,0.1466929,0.7125803,0.2142857,0.02619517,1,9.3181
