id,x,y,z,d,mal,dmm
0,0.4368042,0.5390266,0.3960114,0.02881461,1,7.35
