id,x,y,z,d,mal,dmm
0,0.3523248,0.2966024,0.5796179,0.03143418,1,8.1284
