id,x,y,z,d,mal,dmm
0,0.6797643,0.758494,0.2827764,0.03405368,1,7.9625
