id,x,y,z,d,mal,dmm
0,0.0897184,0.6005509,0.2414773,0.03012443,1,9.0062
