id,x,y,z,d,mal,dmm
0,0.2233137,0.7116621,0.5179641,0.02750492,1,8.292
