id,x,y,z,d,mal,dmm
0,0.221349,0.6960514,0.4797297,0.02881467,1,9.928
1,0.6136215,0.4426079,0.3614865,0.08513427,0,7.9282
1,0.546169,0.5482094,0.7567568,0.0445317,0,5.9995
