id,x,y,z,d,mal,dmm
0,0.7635887,0.6868687,0.6592357,0.04846108,1,18.9885
