id,x,y,z,d,mal,dmm
0,0.3778651,0.7722681,0.4069149,0.03274393,1,10.4419
