id,x,y,z,d,mal,dmm
0,0.3555992,0.573921,0.6643836,0.04977077,1,10.8164
