id,x,y,z,d,mal,dmm
0,0.8009169,0.667585,0.1951219,0.03798294,1,17.356
0,0.8094302,0.6326905,0.3658537,0.04584157,1,20.038
0,0.2567125,0.4655647,0.7164634,0.06941718,1,19.1459
