id,x,y,z,d,mal,dmm
0,0.3647675,0.4508724,0.9194444,0.07858545,1,12.0321
