id,x,y,z,d,mal,dmm
0,0.1447282,0.4233241,0.4059702,0.01833659,1,7.7875
0,0.6240996,0.7786961,0.7611941,0.02226591,1,8.7385
