id,x,y,z,d,mal,dmm
0,0.2390308,0.7640037,0.16,0.06810743,1,14.4866
0,0.2730845,0.3406795,0.4633333,0.04060245,1,7.9864
0,0.1421087,0.4481175,0.5866666,0.02750492,1,8.1495
