id,x,y,z,d,mal,dmm
0,0.3064833,0.6005509,0.6666667,0.07465619,1,26.4199
