id,x,y,z,d,mal,dmm
0,0.2567125,0.614325,0.7333333,0.06024885,1,16.103
