id,x,y,z,d,mal,dmm
0,0.1434185,0.4949495,0.4577922,0.07596597,1,21.2845
