id,x,y,z,d,mal,dmm
0,0.2560576,0.677686,0.6704546,0.07989526,1,17.9197
