id,x,y,z,d,mal,dmm
0,0.1591356,0.5601469,0.7025316,0.05631956,1,10.9118
