id,x,y,z,d,mal,dmm
0,0.6856582,0.5004591,0.8353294,0.06548786,1,18.4933
