id,x,y,z,d,mal,dmm
0,0.6188605,0.6317723,0.8241379,0.09430265,1,24.317
