id,x,y,z,d,mal,dmm
0,0.6686313,0.4885216,0.7548387,0.0589391,1,22.969
1,0.713818,0.4912764,0.7225807,0,0,0
