id,x,y,z,d,mal,dmm
0,0.2770137,0.241506,0.3907285,0.01440734,1,6.8922
