id,x,y,z,d,mal,dmm
1,0.5022921,0.6813591,0.7142857,0.03143418,0,4.7414
