id,x,y,z,d,mal,dmm
0,0.7341192,0.5445363,0.741573,0.04584157,1,12.9777
0,0.410609,0.3360882,0.3370787,0.06417811,1,13.7407
