id,x,y,z,d,mal,dmm
0,0.7753766,0.3875115,0.4811321,0.02488542,1,6.655
