id,x,y,z,d,mal,dmm
0,0.6784545,0.5114784,0.72,0.07727575,1,22.1183
