id,x,y,z,d,mal,dmm
0,0.08709889,0.4178145,0.1896552,0.03012443,1,5.5692
0,0.1807466,0.5289256,0.5241379,0.037983,1,5.3337
