id,x,y,z,d,mal,dmm
0,0.2750491,0.4701561,0.4304636,0.1021611,1,25.9069
