id,x,y,z,d,mal,dmm
0,0.880812,0.426079,0.6149254,0.04322195,1,13.3196
