id,x,y,z,d,mal,dmm
0,0.3791749,0.6786042,0.6830065,0.02750492,1,8.6528
0,0.3542894,0.6923783,0.9019608,0.02750492,1,9.2409
