id,x,y,z,d,mal,dmm
0,0.891945,0.4499541,0.3245033,0.04715121,1,19.7477
0,0.151277,0.3223141,0.3245033,0.03929272,1,10.242
0,0.1689587,0.7208448,0.294702,0.03667322,1,8.8304
0,0.6535691,0.5280073,0.678808,0.04584146,1,12.2174
0,0.1938441,0.5968779,0.6523179,0.07203668,1,20.9473
