id,x,y,z,d,mal,dmm
0,0.64833,0.6877869,0.8733766,0.06810749,1,17.5332
