id,x,y,z,d,mal,dmm
0,0.7288802,0.7070707,0.5066225,0.08120501,1,17.476
