id,x,y,z,d,mal,dmm
0,0.2842174,0.7878788,0.3775811,0.02226591,1,9.3417
