id,x,y,z,d,mal,dmm
1,0.1421087,0.4637282,0.325,0.04846105,0,8.4743
0,0.302554,0.3186409,0.4892857,0.02881461,1,9.892
1,0.8533071,0.5491276,0.06785715,0.03012443,0,0
1,0.6457105,0.620753,0.5964286,0.06810749,0,10.0456
