id,x,y,z,d,mal,dmm
1,0.3372626,0.5674931,0.3669065,0.0353635,0,9.2087
