id,x,y,z,d,mal,dmm
0,0.3346431,0.677686,0.6366907,0.02619517,1,7.8915
