id,x,y,z,d,mal,dmm
0,0.4662737,0.4921947,0.680851,0.04715133,1,11.3883
