id,x,y,z,d,mal,dmm
0,0.3575639,0.4912764,0.6647059,0.06286836,1,17.7379
