id,x,y,z,d,mal,dmm
0,0.4047151,0.513315,0.7292418,0.0353635,1,9.6393
