id,x,y,z,d,mal,dmm
0,0.4158481,0.6767676,0.6823899,0.04453176,1,9.6878
