id,x,y,z,d,mal,dmm
0,0.6981009,0.6942149,0.6939394,0.02619517,1,9.771
