id,x,y,z,d,mal,dmm
0,0.3064833,0.6225895,0.7751678,0.04191226,1,10.3581
1,0.5743287,0.6134068,0.6812081,0.05370009,0,10.8407
