id,x,y,z,d,mal,dmm
0,0.842829,0.4793389,0.2697369,0.02357566,1,9.3209
0,0.7544205,0.4205693,0.5723684,0.02619505,1,11.7874
