id,x,y,z,d,mal,dmm
1,0.6705959,0.5766758,0.7090396,0.03012443,0,8.1178
