id,x,y,z,d,mal,dmm
0,0.3909627,0.6519743,0.6232294,0.04715133,1,8.784
