id,x,y,z,d,mal,dmm
0,0.3634578,0.7327824,0.5,0.06024885,1,8.5797
0,0.2436149,0.30854,0.4888889,0.01964638,1,9.123
