id,x,y,z,d,mal,dmm
0,0.3935822,0.738292,0.484472,0.04191226,1,12.9668
