id,x,y,z,d,mal,dmm
0,0.8166339,0.5096419,0.7432432,0.08906353,1,16
0,0.7812704,0.6078972,0.8216216,0.1008514,1,16
0,0.248854,0.5298439,0.8297297,0.06548789,1,16
