id,x,y,z,d,mal,dmm
0,0.6064178,0.6841139,0.2880795,0.02357554,1,8.5667
0,0.675835,0.7447199,0.5099338,0.02488542,1,10.9558
