id,x,y,z,d,mal,dmm
0,0.2796333,0.4995409,0.8863636,0.07858551,1,22.2523
