id,x,y,z,d,mal,dmm
0,0.2285527,0.5353535,0.7215909,0.0497708,1,21.2598
