id,x,y,z,d,mal,dmm
0,0.7635887,0.4389348,0.6324503,0.07072699,1,16
