id,x,y,z,d,mal,dmm
0,0.3948919,0.6326905,0.8603896,0.0615586,1,21.7093
