id,x,y,z,d,mal,dmm
1,0.4230517,0.5307622,0.8560606,0.04715127,0,13.4705
