id,x,y,z,d,mal,dmm
0,0.2586772,0.7116621,0.3843931,0.04322201,1,16.2402
