id,x,y,z,d,mal,dmm
0,0.767518,0.4637282,0.7370242,0.09692216,1,26.2259
