id,x,y,z,d,mal,dmm
0,0.3222004,0.5123967,0.6357616,0.04191226,1,16
