id,x,y,z,d,mal,dmm
0,0.318926,0.6290175,0.7745665,0.04060245,1,14.9156
