id,x,y,z,d,mal,dmm
0,0.3732809,0.6997245,0.228,0.1283563,1,25
0,0.3693517,0.6841139,0.304,0.075966,1,25
