id,x,y,z,d,mal,dmm
0,0.1335953,0.4407713,0.7375,0.04977077,1,18.2551
0,0.2639162,0.5528007,0.75625,0.03405374,1,10.0386
