id,x,y,z,d,mal,dmm
0,0.2370661,0.7116621,0.6279762,0.04322201,1,14.5086
0,0.6136215,0.6097337,0.8690476,0.05108058,1,11.432
