id,x,y,z,d,mal,dmm
0,0.280943,0.486685,0.8566038,0.0615586,1,21.9454
0,0.2789784,0.4885216,0.3528302,0.05239034,1,19.066
