id,x,y,z,d,mal,dmm
0,0.2678455,0.456382,0.8571429,0.05239028,1,14.2484
