id,x,y,z,d,mal,dmm
0,0.6070727,0.513315,0.8279221,0.01833653,1,4.1371
