id,x,y,z,d,mal,dmm
0,0.259332,0.71809,0.2507122,0.0615586,1,23.5066
