id,x,y,z,d,mal,dmm
0,0.1394892,0.2938476,0.4766082,0.02619517,1,8.3828
0,0.1237721,0.6170799,0.4502924,0.03274396,1,8.759
