id,x,y,z,d,mal,dmm
0,0.7125082,0.3673095,0.7366864,0.03012443,1,7.7573
