id,x,y,z,d,mal,dmm
0,0.1702685,0.7373737,0.3,0.09823182,1,25.0182
1,0.3942371,0.5500459,0.8793104,0.05762935,0,12.6934
