id,x,y,z,d,mal,dmm
0,0.7157826,0.3673095,0.6357616,0.05631959,1,10.2904
