id,x,y,z,d,mal,dmm
1,0.5347177,0.5711662,0.6989967,0.04153144,0,7.5788
