id,x,y,z,d,mal,dmm
0,0.340537,0.7768595,0.2923588,0.06024885,1,22.2487
0,0.1611002,0.6437098,0.2458472,0.03536347,1,8.7634
