id,x,y,z,d,mal,dmm
0,0.1342502,0.5344353,0.3604336,0.02095613,1,8.1045
