id,x,y,z,d,mal,dmm
0,0.6784545,0.3241506,0.4566667,0.0340538,1,16.8954
