id,x,y,z,d,mal,dmm
1,0.5258677,0.2176308,0.0775862,0.0615586,0,9.865
