id,x,y,z,d,mal,dmm
0,0.724296,0.6850321,0.1969231,0.07858539,1,25.349
