id,x,y,z,d,mal,dmm
0,0.2187295,0.3562902,0.4912281,0.01309755,1,0.9367
0,0.7092338,0.2727273,0.4853801,0.01178777,1,4.4566
