id,x,y,z,d,mal,dmm
0,0.1591356,0.4205693,0.5410959,0.02619514,1,8.9497
0,0.335298,0.5546373,0.489726,0.05239028,1,15.081
