id,x,y,z,d,mal,dmm
0,0.43222,0.5078053,0.2893082,0.03798294,1,21.8657
0,0.2698101,0.2874196,0.4025157,0.03143418,1,14.6406
0,0.7177472,0.5068871,0.8679245,0.05370009,1,17.2187
