id,x,y,z,d,mal,dmm
0,0.3962017,0.5748393,0.7153025,0.03536344,1,10.2572
