id,x,y,z,d,mal,dmm
1,0.5703995,0.5417814,0.6517242,0.04715133,0,7.9316
