id,x,y,z,d,mal,dmm
0,0.7105436,0.6492195,0.7755102,0.0445317,1,20.037
0,0.3667322,0.7805326,0.4761905,0.04060251,1,7.8467
