id,x,y,z,d,mal,dmm
0,0.2475442,0.6887052,0.4378698,0.02619517,1,9.0773
1,0.421742,0.2194674,0.1183432,0.06679761,0,13.1019
