id,x,y,z,d,mal,dmm
0,0.2481991,0.5105602,0.7907801,0.1139489,1,25.9438
