id,x,y,z,d,mal,dmm
0,0.1611002,0.4646465,0.4265537,0.01440734,1,6.838
