id,x,y,z,d,mal,dmm
0,0.1414538,0.6372819,0.5833333,0.04846102,1,11.9053
