id,x,y,z,d,mal,dmm
0,0.637852,0.5500459,0.7861272,0.04060245,1,21.1305
