id,x,y,z,d,mal,dmm
0,0.2462344,0.6584022,0.3473684,0.04846102,1,14.1482
