id,x,y,z,d,mal,dmm
0,0.3018991,0.3406795,0.5,0.01309758,1,8.3231
