id,x,y,z,d,mal,dmm
0,0.2436149,0.4031221,0.6615854,0.02357563,1,11.332
