id,x,y,z,d,mal,dmm
0,0.2599869,0.3103765,0.543131,0.01571709,1,7.3912
0,0.4623445,0.6115702,0.7028754,0.02226585,1,6.9874
