id,x,y,z,d,mal,dmm
0,0.3503602,0.6556474,0.6740506,0.0209561,1,10.4068
0,0.2305174,0.6473829,0.6740506,0.02750489,1,9.6474
0,0.7432875,0.4435262,0.7310126,0.01964629,1,8.2751
0,0.3104126,0.3636364,0.7278481,0.02881467,1,8.5636
1,0.362148,0.543618,0.5126582,0.08775371,0,21.0827
