id,x,y,z,d,mal,dmm
0,0.1146038,0.5472911,0.2295082,0.07334645,1,21.7446
