id,x,y,z,d,mal,dmm
0,0.6568435,0.8172635,0.597561,0.1074002,1,17.8372
