id,x,y,z,d,mal,dmm
0,0.3595285,0.3976125,0.7275748,0.0353635,1,11.3097
