id,x,y,z,d,mal,dmm
1,0.8722986,0.4049587,0.05960265,0.04060256,0,7.2909
0,0.297315,0.456382,0.4139073,0.05108052,1,11.6873
