id,x,y,z,d,mal,dmm
0,0.7007204,0.5619835,0.4307692,0.06941712,1,23.3957
