id,x,y,z,d,mal,dmm
1,0.3497053,0.523416,0.4969879,0.04584152,0,11.5816
