id,x,y,z,d,mal,dmm
0,0.6417813,0.7144169,0.1575563,0.03405368,1,9.1488
