id,x,y,z,d,mal,dmm
0,0.3929273,0.4315886,0.3390411,0.08513421,1,19.0145
0,0.2278978,0.5243343,0.4246575,0.05500981,1,18.2924
0,0.3418468,0.5454546,0.5068493,0.06810737,1,20.3687
0,0.4446627,0.56382,0.869863,0.09692204,1,24.8215
