id,x,y,z,d,mal,dmm
1,0.573019,0.6253443,0.6372549,0.08251476,0,19.8321
