id,x,y,z,d,mal,dmm
0,0.7020301,0.4205693,0.709375,0.05500984,1,16.1099
0,0.2632613,0.4224059,0.56875,0.02619517,1,0.9174
0,0.2901113,0.4719926,0.75625,0.04060251,1,16
