id,x,y,z,d,mal,dmm
0,0.2121807,0.4315886,0.5974026,0.02488539,1,9.4707
