id,x,y,z,d,mal,dmm
0,0.2783235,0.6749311,0.7931035,0.07596594,1,24.9842
0,0.4237066,0.758494,0.8206897,0.04322201,1,19.4131
