id,x,y,z,d,mal,dmm
0,0.2148003,0.4646465,0.7455621,0.03536344,1,9.2282
