id,x,y,z,d,mal,dmm
0,0.1650295,0.3856749,0.3874172,0.01964638,1,8.1602
0,0.2665357,0.2451791,0.3642384,0.01702684,1,8.1346
0,0.8336608,0.5472911,0.3642384,0.02488542,1,7.9357
