id,x,y,z,d,mal,dmm
0,0.1466929,0.6198347,0.3412162,0.02095613,1,8.3588
