id,x,y,z,d,mal,dmm
0,0.9181402,0.523416,0.2564103,0.0419122,1,12.0036
