id,x,y,z,d,mal,dmm
0,0.2121807,0.7015611,0.8409091,0.02357563,1,5.2354
