id,x,y,z,d,mal,dmm
0,0.8513425,0.5785124,0.2883435,0.02226591,1,8.7282
0,0.08316962,0.5702479,0.2883435,0.02619515,1,8.5976
