id,x,y,z,d,mal,dmm
0,0.5979044,0.5325987,0.3153409,0.06548786,1,17.7136
