id,x,y,z,d,mal,dmm
0,0.6633922,0.5197429,0.8039773,0.1100197,1,20.802
