id,x,y,z,d,mal,dmm
0,0.7236411,0.5996327,0.6909091,0.03012443,1,10.0581
