id,x,y,z,d,mal,dmm
0,0.8199083,0.6528926,0.2229508,0.01964641,1,8.8203
0,0.6751801,0.7777778,0.3901639,0.01964641,1,8.137
0,0.1552063,0.6721763,0.3442623,0.02226588,1,7.4757
