id,x,y,z,d,mal,dmm
0,0.2940406,0.6896235,0.6797753,0.07203668,1,21.8135
