id,x,y,z,d,mal,dmm
0,0.3149967,0.5904499,0.416,0.07203668,1,13.7236
1,0.6865672,0.5849403,0.168,0.07268,0,16.9264
1,0.7391304,0.6418733,0.184,0.09214795,0,16.9264
1,0.32122,0.5325987,0.176,0.07008439,0,7.3995
