id,x,y,z,d,mal,dmm
0,0.3045187,0.369146,0.1962963,0.09168303,1,22.0847
0,0.3778651,0.6942149,0.5888889,0.04322201,1,8.2202
