id,x,y,z,d,mal,dmm
0,0.1781271,0.5785124,0.6901841,0.04846102,1,7.1368
1,0.3064833,0.3820018,0.05521473,0.05500984,0,11.7243
