id,x,y,z,d,mal,dmm
0,0.8297315,0.4591368,0.65,0.06548786,1,14.4894
0,0.8179437,0.4196511,0.63125,0.05500984,1,14.4894
