id,x,y,z,d,mal,dmm
0,0.362148,0.3232323,0.5828403,0.07203662,1,11.7368
