id,x,y,z,d,mal,dmm
0,0.702685,0.4233241,0.6547231,0.03667319,1,9.1149
