id,x,y,z,d,mal,dmm
0,0.7655534,0.456382,0.5929487,0.02750492,1,7.7225
