id,x,y,z,d,mal,dmm
0,0.3176163,0.4554637,0.5828025,0.09168303,1,11.6665
