id,x,y,z,d,mal,dmm
0,0.324165,0.3223141,0.3741935,0.02750492,1,9.5304
0,0.3595285,0.7869605,0.4258065,0.05239034,1,9.1976
0,0.3483956,0.5785124,0.3870968,0.04584152,1,12.1731
