id,x,y,z,d,mal,dmm
0,0.3130321,0.7557392,0.2982955,0.06941718,1,25.4148
