id,x,y,z,d,mal,dmm
0,0.5428945,0.3039486,0.7303371,0.03012443,1,6.1268
0,0.2586772,0.6620753,0.6685393,0.03667319,1,10.0774
0,0.1597904,0.6786042,0.6432585,0.04191223,1,8.3145
1,0.3870334,0.6629936,0.8539326,0.05108052,0,11.2557
