id,x,y,z,d,mal,dmm
0,0.8166339,0.2956841,0.4053254,0.01964629,1,8.5652
0,0.8585462,0.5968779,0.4201183,0.02226579,1,8.6326
