id,x,y,z,d,mal,dmm
0,0.6280288,0.7502296,0.7089337,0.03012443,1,11.5495
0,0.2134905,0.4921947,0.7089337,0.02226588,1,7.3471
