id,x,y,z,d,mal,dmm
0,0.8159791,0.5794307,0.7389937,0.04584146,1,12.3425
0,0.7426326,0.6446281,0.8144654,0.05762935,1,13.0432
