id,x,y,z,d,mal,dmm
0,0.3542894,0.728191,0.7592593,0.06679767,1,23.7992
0,0.2318271,0.5454546,0.8641976,0.05762935,1,15.6376
