id,x,y,z,d,mal,dmm
0,0.421742,0.5528007,0.7471265,0.0235756,1,6.7095
0,0.7740668,0.3094582,0.2356322,0.01833653,1,7.7445
