id,x,y,z,d,mal,dmm
1,0.7235562,0.640955,0.2808642,0.05970144,0,10.9758
