id,x,y,z,d,mal,dmm
0,0.8408644,0.5004591,0.5771812,0.04584157,1,17.4807
0,0.6705959,0.7465565,0.8255033,0.03667319,1,7.9156
0,0.6149312,0.6391184,0.8557047,0.05500984,1,13.0583
