id,x,y,z,d,mal,dmm
1,0.6496398,0.4288338,0.3898305,0.07989514,0,8.29
