id,x,y,z,d,mal,dmm
0,0.740668,0.7786961,0.5292208,0.03012443,1,9.7649
0,0.6647021,0.7603306,0.4512987,0.02619505,1,7.0435
