id,x,y,z,d,mal,dmm
0,0.6679764,0.6703398,0.6282051,0.06286836,1,15.8556
