id,x,y,z,d,mal,dmm
0,0.7727571,0.5876951,0.6125,0.03274393,1,8.8187
0,0.7249509,0.5904499,0.74375,0.03798294,1,11.2734
