id,x,y,z,d,mal,dmm
0,0.6293386,0.697888,0.4694656,0.02881467,1,6.2341
