id,x,y,z,d,mal,dmm
0,0.4453176,0.5445363,0.5213414,0.0419122,1,21.5758
0,0.6568435,0.5941231,0.8932927,0.05108058,1,19.1472
