id,x,y,z,d,mal,dmm
0,0.3222004,0.2056933,0.4337017,0.02881467,1,6.9203
0,0.0929928,0.5243343,0.4530387,0.02750491,1,8.3133
1,0.4682384,0.4582185,0.4226519,0.0615586,0,9.9064
