id,x,y,z,d,mal,dmm
1,0.6116568,0.4701561,0.6580459,0.0419122,0,8.6861
