id,x,y,z,d,mal,dmm
0,0.7629339,0.3094582,0.5220339,0.02619517,1,7.7388
