id,x,y,z,d,mal,dmm
0,0.2351015,0.5426998,0.7785235,0.03536347,1,10.335
