id,x,y,z,d,mal,dmm
0,0.1506221,0.2672176,0.4101695,0.02881467,1,9.2205
0,0.2750491,0.6657484,0.6847458,0.02226585,1,8.5992
1,0.7092338,0.3829201,0.3864407,0.05108047,0,6.7232
