id,x,y,z,d,mal,dmm
0,0.8696791,0.6189165,0.3611111,0.02488542,1,8.0266
