id,x,y,z,d,mal,dmm
0,0.1355599,0.6124885,0.5958084,0.03798297,1,11.4127
