id,x,y,z,d,mal,dmm
0,0.7753766,0.3902663,0.6086956,0.02357566,1,9.7495
0,0.3523248,0.4086318,0.6231884,0.03012443,1,8.6195
0,0.5985593,0.5555556,0.9094203,0.02881467,1,8.6903
0,0.675835,0.5371901,0.8586956,0.0170269,1,8.4648
