id,x,y,z,d,mal,dmm
0,0.292076,0.7061524,0.797015,0.07596594,1,15.283
