id,x,y,z,d,mal,dmm
1,0.5926654,0.5601469,0.6825397,0.03536344,0,10.2847
