id,x,y,z,d,mal,dmm
0,0.1198428,0.6694215,0.3703704,0.01964638,1,7.2618
