id,x,y,z,d,mal,dmm
0,0.3051735,0.3617998,0.5205479,0.05762935,1,21.2764
