id,x,y,z,d,mal,dmm
0,0.6260642,0.493113,0.8,0.06286836,1,16
