id,x,y,z,d,mal,dmm
0,0.9070072,0.5353535,0.4418605,0.02881467,1,9.0715
