id,x,y,z,d,mal,dmm
0,0.6640471,0.71809,0.682243,0.02488542,1,7.5685
