id,x,y,z,d,mal,dmm
0,0.2030124,0.2662994,0.3633094,0.02488542,1,8.4622
1,0.5749837,0.5261708,0.8381295,0.06286836,0,10.1415
