id,x,y,z,d,mal,dmm
0,0.5913556,0.5968779,0.1955128,0.03667319,1,8.2661
