id,x,y,z,d,mal,dmm
0,0.9076621,0.5004591,0.3481013,0.03274393,1,9.0925
