id,x,y,z,d,mal,dmm
0,0.6371971,0.6400367,0.5735661,0.07858539,1,20.7177
