id,x,y,z,d,mal,dmm
0,0.3411919,0.6969697,0.4894366,0.05500978,1,6.7385
0,0.3497053,0.2773186,0.443662,0.06417811,1,23.8501
