id,x,y,z,d,mal,dmm
0,0.8598559,0.3535354,0.4294872,0.01964629,1,9.2129
0,0.2508186,0.7291093,0.4967949,0.03667319,1,13.473
0,0.6908972,0.6565657,0.7884616,0.04191232,1,11.001
1,0.7066143,0.3425161,0.5,0.05370009,0,12.4617
