id,x,y,z,d,mal,dmm
1,0.438114,0.523416,0.8962963,0.06941712,0,12.3966
