id,x,y,z,d,mal,dmm
0,0.3176163,0.3884298,0.5398936,0.02488536,1,10.406
0,0.2449247,0.5224977,0.4973404,0.02619517,1,8.992
