id,x,y,z,d,mal,dmm
0,0.1833661,0.5720845,0.4627832,0.03012443,1,7.3481
