id,x,y,z,d,mal,dmm
0,0.2423052,0.4802571,0.8901869,0.06286839,1,16
