id,x,y,z,d,mal,dmm
0,0.8041912,0.5280073,0.7138461,0.07072687,1,19.613
1,0.6116568,0.4876033,0.7015384,0.03405368,0,10.9039
