id,x,y,z,d,mal,dmm
1,0.6463654,0.4389348,0.4344828,0.05239034,0,9.7027
1,0.6856582,0.4012856,0.4344828,0.03012443,0,8.4848
