id,x,y,z,d,mal,dmm
0,0.8657498,0.405877,0.3463855,0.06417811,1,16.791
