id,x,y,z,d,mal,dmm
0,0.6679764,0.6464646,0.5141243,0.06941712,1,24.2193
