id,x,y,z,d,mal,dmm
0,0.2547479,0.3562902,0.5738255,0.03012443,1,6.4131
1,0.4119188,0.5105602,0.8959731,0.06548792,0,9.9941
