id,x,y,z,d,mal,dmm
0,0.8382449,0.5702479,0.3275261,0.02357566,1,9.4292
