id,x,y,z,d,mal,dmm
0,0.1800917,0.5417814,0.6631206,0.0471513,1,13.9705
0,0.7046496,0.369146,0.464539,0.05762935,1,22.8939
