id,x,y,z,d,mal,dmm
0,0.3549443,0.5610652,0.4618056,0.03536344,1,11.4924
0,0.3248199,0.6134068,0.59375,0.06679761,1,13.3839
0,0.4341847,0.5601469,0.7291667,0.02619517,1,8.3944
