id,x,y,z,d,mal,dmm
0,0.8709888,0.4444444,0.4578313,0.01964641,1,0.9847
0,0.2049771,0.7630854,0.4578313,0.01833659,1,8.8102
