id,x,y,z,d,mal,dmm
1,0.827112,0.6813591,0.2514793,0.06810749,0,15.7048
