id,x,y,z,d,mal,dmm
0,0.2226588,0.6400367,0.4484848,0.02619514,1,8.8561
