id,x,y,z,d,mal,dmm
1,0.1493124,0.4747475,0.327044,0.08382449,0,16.4942
