id,x,y,z,d,mal,dmm
0,0.83759,0.6887052,0.3384146,0.1231172,1,21.6002
