id,x,y,z,d,mal,dmm
0,0.1650295,0.661157,0.5783582,0.04060251,1,9.1549
1,0.4243615,0.523416,0.6679105,0.07072693,0,11.037
