id,x,y,z,d,mal,dmm
0,0.3955468,0.6501377,0.9361702,0.04715127,1,11.4894
