id,x,y,z,d,mal,dmm
0,0.3876883,0.6749311,0.4496644,0.09299278,1,17.1279
