id,x,y,z,d,mal,dmm
0,0.270465,0.7208448,0.4367089,0.05108058,1,18.4363
