id,x,y,z,d,mal,dmm
0,0.2822528,0.6841139,0.8869258,0.02881467,1,5.9161
