id,x,y,z,d,mal,dmm
0,0.7832351,0.6427916,0.5,0.02750492,1,7.5248
