id,x,y,z,d,mal,dmm
0,0.7111984,0.3452709,0.4640523,0.01833653,1,8.2961
0,0.800262,0.4876033,0.5653595,0.02619505,1,8.3621
