id,x,y,z,d,mal,dmm
0,0.2285527,0.2653811,0.5422078,0.02750492,1,7.2704
