id,x,y,z,d,mal,dmm
0,0.2364113,0.3700643,0.5030121,0.05370006,1,19.9009
0,0.9017681,0.5913682,0.25,0.0170269,1,7.7614
