id,x,y,z,d,mal,dmm
0,0.3005894,0.5528007,0.4722222,0.0615586,1,1.203
