id,x,y,z,d,mal,dmm
0,0.2888016,0.6051424,0.8070176,0.04060245,1,12.3049
