id,x,y,z,d,mal,dmm
0,0.7904388,0.4729109,0.5911765,0.0589391,1,20.7211
0,0.6817289,0.4490358,0.7,0.08120489,1,20.7211
