id,x,y,z,d,mal,dmm
0,0.2075966,0.6189165,0.3014925,0.0707269,1,16.6112
0,0.8736084,0.6464646,0.2985075,0.03143418,1,10.2022
0,0.902423,0.5757576,0.2925373,0.03012443,1,7.9094
