id,x,y,z,d,mal,dmm
0,0.2278978,0.5022957,0.6801471,0.06286839,1,16.9385
