id,x,y,z,d,mal,dmm
0,0.2933857,0.3112948,0.4371069,0.05631959,1,8.8559
0,0.3045187,0.3829201,0.5031447,0.03536344,1,8.8559
