id,x,y,z,d,mal,dmm
1,0.4263261,0.5390266,0.5192983,0.02226585,0,1
0,0.3051735,0.6593205,0.8701754,0.03405368,1,9.5954
