id,x,y,z,d,mal,dmm
0,0.6077276,0.6923783,0.5225806,0.09954154,1,19.8086
