id,x,y,z,d,mal,dmm
0,0.7721022,0.8034894,0.1832298,0.04846096,1,12.0557
0,0.1866405,0.4527089,0.6180124,0.02750492,1,1
1,0.3880597,0.610652,0.5372671,0.05710578,0,6.848
