id,x,y,z,d,mal,dmm
0,0.6967911,0.6042241,0.8649518,0.06286836,1,21.8168
