id,x,y,z,d,mal,dmm
0,0.2481991,0.5785124,0.8506944,0.09561232,1,26.1748
