id,x,y,z,d,mal,dmm
0,0.691552,0.3921028,0.6751592,0.08120501,1,25.8798
