id,x,y,z,d,mal,dmm
0,0.7229862,0.630854,0.7643979,0.08251476,1,23.296
