id,x,y,z,d,mal,dmm
0,0.6561886,0.7438017,0.3602941,0.04715133,1,9.2849
0,0.09495743,0.5757576,0.3235294,0.06024887,1,11.4509
1,0.3077931,0.5381083,0.6323529,0.06417817,0,11.0967
