id,x,y,z,d,mal,dmm
0,0.1735429,0.2947658,0.4952381,0.01702684,1,9.0129
0,0.8670596,0.5188246,0.4507937,0.02357566,1,8.5291
