id,x,y,z,d,mal,dmm
0,0.7799607,0.338843,0.4857143,0.04060256,1,12.2264
1,0.6522593,0.5720845,0.45,0.04584146,0,12.0968
