id,x,y,z,d,mal,dmm
0,0.7871644,0.5518824,0.2121212,0.0615586,1,20.821
