id,x,y,z,d,mal,dmm
0,0.275704,0.4536272,0.8483871,0.1113294,1,13.6499
