id,x,y,z,d,mal,dmm
0,0.3254748,0.4205693,0.8492754,0.06024885,1,19.1774
