id,x,y,z,d,mal,dmm
0,0.1689587,0.4306704,0.415873,0.03274396,1,10.0998
0,0.5992141,0.7043159,0.736508,0.02750492,1,4.3602
1,0.6716418,0.6161616,0.1619048,0.0687865,0,13.5138
