id,x,y,z,d,mal,dmm
0,0.2141454,0.7116621,0.3782051,0.06155863,1,14.0227
