id,x,y,z,d,mal,dmm
0,0.2940406,0.4444444,0.8875,0.04322201,1,10.7225
