id,x,y,z,d,mal,dmm
0,0.8113949,0.3663912,0.5042493,0.09823179,1,26.7181
0,0.2658808,0.7961432,0.2776204,0.129666,1,25
