id,x,y,z,d,mal,dmm
0,0.7616241,0.8365473,0.4183674,0.0589391,1,20.6848
