id,x,y,z,d,mal,dmm
0,0.2750491,0.2607897,0.2766667,0.02750492,1,11.5623
0,0.4374591,0.5509642,0.63,0.02750486,1,9.6676
1,0.7432875,0.6345271,0.6633334,0.07334638,0,12.8158
