id,x,y,z,d,mal,dmm
0,0.8120497,0.3746556,0.3313433,0.01309764,1,4.6726
