id,x,y,z,d,mal,dmm
0,0.07793058,0.5270891,0.3084415,0.03012443,1,7.657
0,0.156516,0.4940312,0.3149351,0.02357563,1,7.6412
0,0.3536346,0.7033976,0.4318182,0.03143418,1,8.5905
