id,x,y,z,d,mal,dmm
0,0.8303864,0.7493113,0.2585034,0.0445317,1,8.5178
