id,x,y,z,d,mal,dmm
0,0.3012443,0.4077135,0.7544484,0.03405374,1,10.167
0,0.4518664,0.6547291,0.7046263,0.01702684,1,7.1534
