id,x,y,z,d,mal,dmm
0,0.1990832,0.3682277,0.3631579,0.05762935,1,22.9917
