id,x,y,z,d,mal,dmm
0,0.6437459,0.3443526,0.7325581,0.06548786,1,24.68
