id,x,y,z,d,mal,dmm
0,0.1532416,0.4288338,0.5540984,0.01833662,1,6.8533
