id,x,y,z,d,mal,dmm
0,0.7806156,0.6464646,0.3617021,0.05108058,1,21.4733
0,0.6994106,0.5472911,0.375,0.01833653,1,2.0277
1,0.7498363,0.2984389,0.3297872,0.05500984,0,10.3091
