id,x,y,z,d,mal,dmm
0,0.8395547,0.4416896,0.5126582,0.07203674,1,13.7347
