id,x,y,z,d,mal,dmm
0,0.6895874,0.6556474,0.844358,0.02357566,1,9.5078
