id,x,y,z,d,mal,dmm
0,0.302554,0.6299357,0.7925072,0.02750486,1,9.1429
