id,x,y,z,d,mal,dmm
0,0.3641126,0.4683196,0.8809524,0.02619517,1,9.7273
