id,x,y,z,d,mal,dmm
0,0.254093,0.6253443,0.2922078,0.02226591,1,10.0487
