id,x,y,z,d,mal,dmm
0,0.3254748,0.312213,0.5765027,0.01702684,1,7.4603
0,0.8899804,0.4545455,0.3743169,0.02357554,1,8.7219
0,0.09102816,0.4141414,0.3469945,0.02226588,1,8.4791
