id,x,y,z,d,mal,dmm
0,0.7996071,0.5032139,0.6140351,0.03536344,1,12.3209
