id,x,y,z,d,mal,dmm
0,0.3202358,0.7502296,0.70625,0.06417811,1,19.2395
