id,x,y,z,d,mal,dmm
0,0.3149967,0.3654729,0.379661,0.06024885,1,13.7783
