id,x,y,z,d,mal,dmm
0,0.1204977,0.5399449,0.2981367,0.02619515,1,5.6323
