id,x,y,z,d,mal,dmm
0,0.6496398,0.6859504,0.130137,0.02226579,1,8.7856
0,0.2632613,0.338843,0.5171233,0.02488542,1,8.8115
