id,x,y,z,d,mal,dmm
0,0.2003929,0.5298439,0.609589,0.06024885,1,13.3693
