id,x,y,z,d,mal,dmm
0,0.6155861,0.7364554,0.3046358,0.05370009,1,15.1094
0,0.1440734,0.5371901,0.4470199,0.03143418,1,7.1978
