id,x,y,z,d,mal,dmm
0,0.6182056,0.7245179,0.7827586,0.05631959,1,18.974
