id,x,y,z,d,mal,dmm
0,0.6424361,0.4793389,0.7205882,0.08382452,1,28.3473
