id,x,y,z,d,mal,dmm
0,0.8624755,0.5959596,0.3708609,0.03536344,1,8.1611
1,0.7216765,0.7272727,0.6589404,0.03667331,0,9.2174
