id,x,y,z,d,mal,dmm
1,0.6666667,0.6942149,0.6790124,0.06417811,0,10.7328
