id,x,y,z,d,mal,dmm
0,0.7347741,0.5684114,0.7446154,0.06286836,1,19.0066
