id,x,y,z,d,mal,dmm
0,0.2285527,0.3342516,0.3787879,0.03143418,1,9.4973
0,0.453831,0.5932048,0.8757576,0.02750492,1,8.2459
