id,x,y,z,d,mal,dmm
0,0.3077931,0.3232323,0.4197531,0.02357566,1,8.3822
