id,x,y,z,d,mal,dmm
0,0.9181402,0.6225895,0.2606061,0.0248853,1,9.4822
0,0.2023576,0.2764004,0.4333333,0.02226588,1,9.0312
