id,x,y,z,d,mal,dmm
0,0.194499,0.6455464,0.6760563,0.02750492,1,7.3137
