id,x,y,z,d,mal,dmm
0,0.8166339,0.7924702,0.3023256,0.02488542,1,8.765
0,0.1060904,0.5720845,0.4916944,0.03798299,1,9.9899
