id,x,y,z,d,mal,dmm
0,0.697446,0.7245179,0.8742857,0.04846096,1,12.0031
