id,x,y,z,d,mal,dmm
0,0.7629339,0.7373737,0.3870968,0.02226591,1,8.9896
1,0.3051735,0.5399449,0.3830645,0.07334644,0,16.348
