id,x,y,z,d,mal,dmm
1,0.6080467,0.5748393,0.7446154,0.07787156,0,15.8664
