id,x,y,z,d,mal,dmm
0,0.2298625,0.5463728,0.6,0.08513427,1,24.1988
