id,x,y,z,d,mal,dmm
0,0.7812704,0.4022039,0.5766667,0.03798306,1,10.8702
