id,x,y,z,d,mal,dmm
0,0.1388343,0.4582185,0.3395062,0.01964638,1,9.3502
