id,x,y,z,d,mal,dmm
0,0.8873608,0.6730946,0.2030075,0.01964641,1,8.0688
