id,x,y,z,d,mal,dmm
1,0.6620825,0.768595,0.2136752,0.06548798,0,14.0396
