id,x,y,z,d,mal,dmm
0,0.8565815,0.5371901,0.7696629,0.04846108,1,13.2493
