id,x,y,z,d,mal,dmm
0,0.2678455,0.6528926,0.7986577,0.07727569,1,22.1181
0,0.7982973,0.5794307,0.8389262,0.08382452,1,12.1076
