id,x,y,z,d,mal,dmm
0,0.8231827,0.4802571,0.2891566,0.0170269,1,7.2974
0,0.1368697,0.4646465,0.3343374,0.02357563,1,7.7994
