id,x,y,z,d,mal,dmm
0,0.3948919,0.3094582,0.5490798,0.0209561,1,6.9584
0,0.4348395,0.6069789,0.7177914,0.02095616,1,7.9658
