id,x,y,z,d,mal,dmm
0,0.3431565,0.7594123,0.6548387,0.02226585,1,3.2997
