id,x,y,z,d,mal,dmm
0,0.2671906,0.5509642,0.748538,0.06679761,1,22.4734
