id,x,y,z,d,mal,dmm
0,0.5965946,0.6850321,0.6534091,0.07727575,1,25
