id,x,y,z,d,mal,dmm
0,0.3261297,0.4481175,0.6820987,0.04191226,1,10.6902
1,0.3929273,0.3406795,0.3271605,0.05762935,0,12.9601
