id,x,y,z,d,mal,dmm
0,0.2815979,0.7373737,0.4155844,0.07334644,1,26.6616
