id,x,y,z,d,mal,dmm
0,0.2239686,0.3902663,0.4198718,0.07334644,1,24.4932
0,0.3582187,0.2433425,0.4775641,0.02750492,1,1.1409
0,0.3706614,0.4426079,0.3782051,0.05500978,1,22.5629
