id,x,y,z,d,mal,dmm
0,0.1918795,0.5555556,0.6331169,0.05500984,1,18.0201
