id,x,y,z,d,mal,dmm
0,0.16241,0.5555556,0.5653595,0.06548786,1,13.6694
