id,x,y,z,d,mal,dmm
0,0.7832351,0.3976125,0.6644518,0.04715133,1,7.9307
