id,x,y,z,d,mal,dmm
1,0.5343812,0.5381083,0.7689655,0.0445317,0,10.4855
