id,x,y,z,d,mal,dmm
0,0.78389,0.3985308,0.634375,0.01309752,1,8.6802
0,0.8140144,0.4003673,0.65,0.01047802,1,8.6632
0,0.2449247,0.5977961,0.825,0.01833659,1,6.4185
