id,x,y,z,d,mal,dmm
0,0.4112639,0.6363636,0.689759,0.06941718,1,25.3863
