id,x,y,z,d,mal,dmm
0,0.3444663,0.7043159,0.8427673,0.02095616,1,4.3394
1,0.691552,0.3213958,0.06289309,0.06286836,0,14.5498
