id,x,y,z,d,mal,dmm
1,0.2265881,0.3838384,0.3839542,0.0497708,0,6.9764
