id,x,y,z,d,mal,dmm
0,0.1971185,0.3847567,0.3028571,0.03667322,1,17.3523
0,0.3759004,0.580349,0.8942857,0.04060251,1,11.5561
