id,x,y,z,d,mal,dmm
0,0.2514735,0.271809,0.4456522,0.03274393,1,1
0,0.7334643,0.2865014,0.5,0.03536344,1,9.9826
0,0.3077931,0.2764004,0.5054348,0.03667325,1,19.312
0,0.6823838,0.5766758,0.7119565,0.04060245,1,15.3913
0,0.5939751,0.6262626,0.8043478,0.03667319,1,8.778
