id,x,y,z,d,mal,dmm
0,0.7393582,0.446281,0.5814815,0.03012443,1,19.8682
