id,x,y,z,d,mal,dmm
0,0.3667322,0.7226813,0.2922078,0.01047808,1,5.7023
