id,x,y,z,d,mal,dmm
0,0.2233137,0.640955,0.6510903,0.03274393,1,8.9282
1,0.6791094,0.2626263,0.1962617,0.06679761,0,10.8694
