id,x,y,z,d,mal,dmm
0,0.7118533,0.7116621,0.7692308,0.04060245,1,19.2456
0,0.6908972,0.6831956,0.4285714,0.01833665,1,8.7183
0,0.4557957,0.5886134,0.2335165,0.03143418,1,9.445
