id,x,y,z,d,mal,dmm
0,0.3320236,0.7355372,0.2671756,0.075966,1,24.2516
1,0.8762279,0.3425161,0.2519084,0.04977071,0,6.4242
