id,x,y,z,d,mal,dmm
0,0.6463654,0.6189165,0.4337748,0.0170269,1,5.6862
