id,x,y,z,d,mal,dmm
0,0.2914211,0.3094582,0.3921569,0.02357566,1,8.355
0,0.4309103,0.8007346,0.6143791,0.04584152,1,9.9219
