id,x,y,z,d,mal,dmm
0,0.3503602,0.338843,0.5178571,0.08120495,1,29.2015
