id,x,y,z,d,mal,dmm
1,0.6709929,0.3544536,0.3664596,0.05191433,0,7.5555
