id,x,y,z,d,mal,dmm
0,0.318926,0.8448117,0.5729538,0.07334644,1,9
