id,x,y,z,d,mal,dmm
0,0.3628029,0.4049587,0.7289157,0.09037328,1,13.7218
0,0.3595285,0.466483,0.7469879,0.07334644,1,13.7218
