id,x,y,z,d,mal,dmm
0,0.08120498,0.5399449,0.3501484,0.02226587,1,8.0576
0,0.1401441,0.3415978,0.4183976,0.01309755,1,8.0121
