id,x,y,z,d,mal,dmm
0,0.124427,0.5004591,0.461017,0.02619515,1,1.0757
1,0.3831041,0.3544536,0.379661,0.0615586,0,10.6677
