id,x,y,z,d,mal,dmm
0,0.2043222,0.5316805,0.6328672,0.05631956,1,26.9472
