id,x,y,z,d,mal,dmm
0,0.2357564,0.8604224,0.467033,0.06155863,1,16
