id,x,y,z,d,mal,dmm
0,0.3759004,0.5987144,0.8611111,0.0589391,1,23.2656
0,0.6640471,0.5702479,0.8580247,0.03012455,1,13.9297
