id,x,y,z,d,mal,dmm
0,0.6843484,0.2773186,0.6410257,0.02619517,1,8.2649
0,0.248854,0.3305785,0.6296296,0.02095613,1,8.2165
