id,x,y,z,d,mal,dmm
0,0.3274394,0.6988062,0.2783784,0.05631959,1,19.2083
