id,x,y,z,d,mal,dmm
0,0.6653569,0.3452709,0.7904192,0.06417811,1,10.9121
1,0.8068107,0.221304,0.5479042,0.04846108,0,7.3406
