id,x,y,z,d,mal,dmm
0,0.2239686,0.369146,0.5524862,0.06679761,1,30.5505
0,0.2252783,0.4224059,0.5248619,0.05631959,1,30.5505
