id,x,y,z,d,mal,dmm
0,0.2514735,0.496786,0.8131579,0.02488536,1,9.3796
