id,x,y,z,d,mal,dmm
0,0.8605108,0.5748393,0.7389937,0.01702678,1,9.1599
0,0.7478716,0.7961432,0.6415094,0.03536344,1,7.4824
