id,x,y,z,d,mal,dmm
0,0.6188605,0.6703398,0.1657609,0.06548798,1,23.8051
