id,x,y,z,d,mal,dmm
1,0.3199221,0.2580349,0.4778481,0.07268012,0,15.8654
