id,x,y,z,d,mal,dmm
0,0.3228553,0.5674931,0.7651515,0.02357566,1,8.6361
