id,x,y,z,d,mal,dmm
0,0.2442698,0.2598715,0.4768212,0.02750495,1,11.6028
