id,x,y,z,d,mal,dmm
1,0.8552718,0.6317723,0.3256579,0.05762935,0,13.5869
