id,x,y,z,d,mal,dmm
0,0.8559266,0.5886134,0.2798508,0.02357566,1,9.2256
1,0.3791749,0.3884298,0.4216418,0.04846102,0,12.1053
