id,x,y,z,d,mal,dmm
0,0.2331369,0.3847567,0.4280936,0.02357566,1,9.4047
0,0.6267191,0.3700643,0.7591973,0.01964641,1,8.4445
