id,x,y,z,d,mal,dmm
0,0.3097577,0.2561983,0.5462428,0.08120495,1,23.8499
1,0.1715783,0.5941231,0.6734104,0.06286836,0,15.5389
