id,x,y,z,d,mal,dmm
0,0.7642436,0.610652,0.3377483,0.07465613,1,16
