id,x,y,z,d,mal,dmm
1,0.6411264,0.5647383,0.6308725,0.05370009,0,12.01
