id,x,y,z,d,mal,dmm
0,0.6463654,0.3526171,0.6188811,0.05108058,1,21.1518
1,0.8500327,0.2754821,0.2307692,0.03536344,0,9.0922
