id,x,y,z,d,mal,dmm
0,0.5703995,0.2525252,0.6559486,0.03012443,1,9.2576
