id,x,y,z,d,mal,dmm
0,0.2449247,0.56382,0.8888889,0.04846102,1,11.4941
