id,x,y,z,d,mal,dmm
0,0.318926,0.7327824,0.6549296,0.04715127,1,13.7385
