id,x,y,z,d,mal,dmm
0,0.7897839,0.5831038,0.6961538,0.06417811,1,23.2908
0,0.7046496,0.4646465,0.6653846,0.03274393,1,20.2049
0,0.7419778,0.4628099,0.6230769,0.0445317,1,23.2908
1,0.9039584,0.3305785,0.2846154,0.02206361,0,3.9999
