id,x,y,z,d,mal,dmm
0,0.3333333,0.3342516,0.5298013,0.04322201,1,5.7254
1,0.5821873,0.6134068,0.7218543,0.06810737,0,11.2734
