id,x,y,z,d,mal,dmm
0,0.6404715,0.7786961,0.2607143,0.03929269,1,7.2448
0,0.7157826,0.7823691,0.275,0.02750492,1,8.0539
