id,x,y,z,d,mal,dmm
0,0.1905697,0.3820018,0.5665529,0.03536347,1,9.7324
