id,x,y,z,d,mal,dmm
0,0.3451211,0.2451791,0.5890052,0.05631959,1,17.377
