id,x,y,z,d,mal,dmm
0,0.8899804,0.5252525,0.771875,0.0419122,1,12.7447
