id,x,y,z,d,mal,dmm
0,0.4420432,0.5096419,0.7698864,0.02750492,1,9.4266
