id,x,y,z,d,mal,dmm
0,0.2554027,0.4435262,0.2588235,0.03012443,1,0.9619
