id,x,y,z,d,mal,dmm
0,0.7472168,0.4104683,0.5792683,0.05108058,1,22.4321
