id,x,y,z,d,mal,dmm
0,0.1872953,0.496786,0.5275081,0.02095613,1,9.1696
