id,x,y,z,d,mal,dmm
0,0.3503602,0.6905418,0.7215909,0.05108052,1,20.8143
0,0.4034054,0.580349,0.9232954,0.05631959,1,25.5717
