id,x,y,z,d,mal,dmm
0,0.7956778,0.6271809,0.7553192,0.04060245,1,23.4796
