id,x,y,z,d,mal,dmm
0,0.1335953,0.6124885,0.3614035,0.01440734,1,8.4367
