id,x,y,z,d,mal,dmm
0,0.2390308,0.4811754,0.569697,0.06941718,1,16
