id,x,y,z,d,mal,dmm
0,0.8945645,0.5876951,0.2491228,0.03012443,1,9.2504
0,0.356909,0.3498622,0.4491228,0.02619517,1,9.3487
