id,x,y,z,d,mal,dmm
0,0.6064178,0.7511479,0.5065359,0.02750492,1,5.8425
