id,x,y,z,d,mal,dmm
0,0.1047806,0.466483,0.3390805,0.03536347,1,13.825
1,0.8205632,0.4719926,0.2931035,0.03405368,0,12.7614
