id,x,y,z,d,mal,dmm
0,0.3759004,0.7098255,0.5433334,0.03012443,1,13.5539
0,0.4151932,0.2653811,0.6633334,0.01964635,1,7.0366
