id,x,y,z,d,mal,dmm
0,0.2567125,0.8135905,0.5324675,0.07072693,1,21.7114
