id,x,y,z,d,mal,dmm
0,0.3163065,0.7061524,0.6396648,0.05108058,1,20.1769
0,0.5815324,0.5968779,0.8687151,0.05370009,1,11.9383
