id,x,y,z,d,mal,dmm
0,0.4348395,0.6868687,0.7714286,0.07072693,1,17.6898
