id,x,y,z,d,mal,dmm
0,0.3431565,0.6960514,0.7805555,0.06417817,1,28.374
