id,x,y,z,d,mal,dmm
0,0.5703995,0.6473829,0.4695946,0.03012443,1,7.4957
