id,x,y,z,d,mal,dmm
0,0.1918795,0.2993572,0.5628572,0.02226588,1,9.2721
