id,x,y,z,d,mal,dmm
0,0.8303864,0.3865932,0.3042169,0.01571703,1,9.1248
