id,x,y,z,d,mal,dmm
0,0.6221349,0.5748393,0.7616279,0.06417811,1,20.4974
