id,x,y,z,d,mal,dmm
0,0.1204977,0.620753,0.3543046,0.03274395,1,10.3978
0,0.2907662,0.4067952,0.5496688,0.01571709,1,7.1366
