id,x,y,z,d,mal,dmm
0,0.2449247,0.7640037,0.5866666,0.02881467,1,9.3125
