id,x,y,z,d,mal,dmm
0,0.2344466,0.3333333,0.5677419,0.02881467,1,9.1729
