id,x,y,z,d,mal,dmm
1,0.1119843,0.4389348,0.2654321,0.06679764,0,12.8351
0,0.1846758,0.4958678,0.595679,0.07727572,1,12.2977
0,0.7033399,0.7190083,0.5462963,0.03405368,1,9.1856
