id,x,y,z,d,mal,dmm
1,0.8310413,0.2304867,0.5670732,0.04846096,0,10.9781
