id,x,y,z,d,mal,dmm
0,0.2901113,0.6391184,0.7357143,0.06810737,1,24.183
0,0.270465,0.6574839,0.6642857,0.09561235,1,24.183
