id,x,y,z,d,mal,dmm
1,0.7419778,0.3498622,0.6,0.02357566,0,4.4845
1,0.5697446,0.4839302,0.653125,0.06679761,0,11.756
1,0.6424361,0.4352617,0.49375,0.05370009,0,12.1816
1,0.3261297,0.5142332,0.50625,0.07334644,0,15.9834
1,0.3366077,0.5087236,0.571875,0.07727569,0,15.9834
