id,x,y,z,d,mal,dmm
0,0.3582187,0.6382002,0.9,0.05762935,1,22.6035
