id,x,y,z,d,mal,dmm
0,0.3706614,0.379247,0.621875,0.02750492,1,1.079
