id,x,y,z,d,mal,dmm
0,0.5952849,0.3232323,0.6625,0.01571703,1,9.4261
