id,x,y,z,d,mal,dmm
0,0.3307138,0.7630854,0.2848485,0.02357566,1,1.0376
0,0.1532416,0.573921,0.3212121,0.02488539,1,8.2769
1,0.2508186,0.6189165,0.3848485,0.05108052,0,8.9668
