id,x,y,z,d,mal,dmm
0,0.1611002,0.6740128,0.4451827,0.06286839,1,21.5916
0,0.7007204,0.4646465,0.7607973,0.04846108,1,15.0055
