id,x,y,z,d,mal,dmm
0,0.6463654,0.7474747,0.4555556,0.05108058,1,19.2245
