id,x,y,z,d,mal,dmm
0,0.7989522,0.6969697,0.2615385,0.03798294,1,17.9824
0,0.9109365,0.4187328,0.2246154,0.03405368,1,8.3275
1,0.7380484,0.5280073,0.3169231,0.07072699,0,18.3693
