id,x,y,z,d,mal,dmm
0,0.1434185,0.3957759,0.3975155,0.01833662,1,9.4996
0,0.2495088,0.8438935,0.3726708,0.01964638,1,7.7775
