id,x,y,z,d,mal,dmm
0,0.6601179,0.4839302,0.7403846,0.09692204,1,20.7853
