id,x,y,z,d,mal,dmm
0,0.2285527,0.6639118,0.4818182,0.02488542,1,8.9386
