id,x,y,z,d,mal,dmm
0,0.6535691,0.6455464,0.2054795,0.02881467,1,13.1349
