id,x,y,z,d,mal,dmm
0,0.4512115,0.6648301,0.4848485,0.02750492,1,10.2338
1,0.2449247,0.6620753,0.4363636,0.03405368,0,11.0359
