id,x,y,z,d,mal,dmm
0,0.8225278,0.4508724,0.4425287,0.02357566,1,8.8545
0,0.3483956,0.2966024,0.4425287,0.01833659,1,8.3782
