id,x,y,z,d,mal,dmm
0,0.3320236,0.677686,0.472561,0.02488542,1,6.3027
1,0.6096922,0.4426079,0.4298781,0.03274393,0,7.757
1,0.5717092,0.4784206,0.4298781,0.04584157,0,7.757
