id,x,y,z,d,mal,dmm
0,0.6339227,0.4123049,0.7711599,0.02095616,1,8.8544
0,0.7419778,0.4646465,0.7805642,0.01964629,1,8.6507
