id,x,y,z,d,mal,dmm
0,0.7832351,0.6556474,0.2357955,0.04584157,1,17.8207
0,0.4151932,0.6427916,0.2073864,0.03405368,1,10.4461
