id,x,y,z,d,mal,dmm
0,0.2626064,0.728191,0.4545455,0.09430259,1,22.545
0,0.8461035,0.5757576,0.5181818,0.06286836,1,21.5084
0,0.8068107,0.6538109,0.4787879,0.06810737,1,21.5084
