id,x,y,z,d,mal,dmm
0,0.7531106,0.6703398,0.4509804,0.07465625,1,24.6026
