id,x,y,z,d,mal,dmm
0,0.1964637,0.4343434,0.4931507,0.08775374,1,20.1111
