id,x,y,z,d,mal,dmm
0,0.7734119,0.4407713,0.6953846,0.05631959,1,20.2528
