id,x,y,z,d,mal,dmm
0,0.3706614,0.6473829,0.8918033,0.03405368,1,14.5627
0,0.1604453,0.5298439,0.4098361,0.01833659,1,9.3336
