id,x,y,z,d,mal,dmm
0,0.3503602,0.5123967,0.7485549,0.02226585,1,12.0087
0,0.2940406,0.3682277,0.8179191,0.02357566,1,13.0657
