id,x,y,z,d,mal,dmm
0,0.6882777,0.6859504,0.3258427,0.03012443,1,8.7775
