id,x,y,z,d,mal,dmm
0,0.8644401,0.6786042,0.3388158,0.02881467,1,10.2823
