id,x,y,z,d,mal,dmm
0,0.1925344,0.4710744,0.6770186,0.06548786,1,22.45
