id,x,y,z,d,mal,dmm
0,0.134905,0.3719008,0.4677419,0.02095613,1,8.7468
0,0.4466274,0.5922865,0.9,0.02750492,1,8.7267
