id,x,y,z,d,mal,dmm
0,0.2737394,0.4775023,0.3757396,0.05239028,1,23.1967
