id,x,y,z,d,mal,dmm
0,0.6548789,0.3856749,0.7785235,0.03012443,1,15.5491
