id,x,y,z,d,mal,dmm
0,0.8952194,0.6235078,0.2012579,0.02750492,1,11.1065
