id,x,y,z,d,mal,dmm
0,0.3366077,0.7291093,0.6798561,0.03012443,1,7.7188
0,0.3483956,0.6960514,0.4352518,0.0235756,1,9.0102
