id,x,y,z,d,mal,dmm
0,0.8683693,0.6225895,0.33,0.01571715,1,8.654
0,0.1558612,0.3516988,0.2633333,0.01833659,1,6.714
