id,x,y,z,d,mal,dmm
0,0.3817944,0.40955,0.8305556,0.02750492,1,9.8554
