id,x,y,z,d,mal,dmm
0,0.7557302,0.5702479,0.2683823,0.04977071,1,19.3284
0,0.7445973,0.7052342,0.2683823,0.05370009,1,16.6672
0,0.3104126,0.4692378,0.7463235,0.0589391,1,24.7759
