id,x,y,z,d,mal,dmm
0,0.2750491,0.4573003,0.6555891,0.0235756,1,14.2406
