id,x,y,z,d,mal,dmm
0,0.3955468,0.7355372,0.5033113,0.02226585,1,12.0834
