id,x,y,z,d,mal,dmm
0,0.1525868,0.5693297,0.6910828,0.04846102,1,19.238
