id,x,y,z,d,mal,dmm
0,0.2586772,0.5289256,0.7416413,0.06941712,1,25.4993
