id,x,y,z,d,mal,dmm
0,0.6784545,0.7823691,0.6346154,0.02095616,1,8.851
