id,x,y,z,d,mal,dmm
1,0.8781925,0.4977043,0.155477,0.02226591,0,6.7283
