id,x,y,z,d,mal,dmm
0,0.4184676,0.4031221,0.8046358,0.02750492,1,9.1505
