id,x,y,z,d,mal,dmm
0,0.1146038,0.4325069,0.525641,0.05762933,1,20.8426
