id,x,y,z,d,mal,dmm
1,0.2534381,0.2571166,0.2641509,0.02881467,0,8.9055
