id,x,y,z,d,mal,dmm
0,0.2252783,0.3663912,0.4689655,0.01964638,1,8.7912
