id,x,y,z,d,mal,dmm
0,0.7216765,0.6446281,0.4701987,0.05370009,1,19.5935
