id,x,y,z,d,mal,dmm
0,0.880812,0.6124885,0.2481481,0.02750492,1,9.3644
