id,x,y,z,d,mal,dmm
1,0.4734774,0.5114784,0.4326923,0.02750492,0,8.9934
1,0.6175507,0.426079,0.4423077,0.07072699,0,8.4889
