anno_index,coord_x,coord_y,coord_z,diameter,malscore,diameter_mm
0,0.3342,0.5606,0.3311,0.0019,0.9000999927520752,0.7207000255584717
1,0.2695,0.6253,0.3311,0.0213,0.9467999935150146,7.8892998695373535
2,0.2695,0.6253,0.3709,0.0226,0.9764999747276306,8.374799728393555
3,0.3019,0.3989,0.5298,0.0101,0.8126000165939331,3.751199960708618
4,0.7547,0.593,0.5298,0.0084,0.8009999990463257,3.10479998588562
5,0.7871,0.593,0.5298,0.0096,0.8338000178337097,3.551500082015991
6,0.2372,0.6253,0.649,0.0148,0.8913999795913696,5.49459981918335
7,0.2695,0.4313,0.6887,0.0185,0.9541000127792358,6.869699954986572
8,0.3342,0.496,0.8477,0.0024,0.8565999865531921,0.8754000067710876
