anno_index,coord_x,coord_y,coord_z,diameter,malscore,diameter_mm
0,0.6133,0.3733,0.3314,0.0104,0.8252000212669373,3.1331000328063965
1,0.7733,0.3733,0.5444,0.0212,0.9319999814033508,6.374199867248535
2,0.7733,0.4133,0.5444,0.0193,0.8999999761581421,5.79610013961792
