anno_index,coord_x,coord_y,coord_z,diameter,malscore,diameter_mm
5,0.6444,0.3111,0.5181,0.0181,0.9054999947547911,6.508399963378906
