anno_index,coord_x,coord_y,coord_z,diameter,malscore,diameter_mm
20,0.6824,0.2235,0.5104,0.0239,0.9746000170707704,8.130900382995605
22,0.2588,0.2588,0.546,0.0169,0.8913000226020813,5.734300136566162
23,0.7176,0.5059,0.5816,0.0198,0.9682000279426576,6.7347002029418945
24,0.7176,0.5412,0.5816,0.0217,0.9625999927520752,7.365600109100343
25,0.7176,0.5059,0.6172,0.0119,0.90420001745224,4.054999828338623
26,0.7176,0.5412,0.6172,0.0173,0.9426000118255616,5.8805999755859375
27,0.2941,0.6471,0.7240000000000001,0.0107,0.8335999846458435,3.6368999481201167
28,0.2941,0.4706,0.8309,0.02,0.9291999936103821,6.8155999183654785
29,0.4,0.5059,0.8309,0.0127,0.8457000255584717,4.320000171661377
