anno_index,coord_x,coord_y,coord_z,diameter,malscore,diameter_mm
0,0.16399999999999998,0.5426,0.4625,0.0181,0.8960000276565552,5.744999885559082
1,0.2019,0.5426,0.4625,0.0141,0.8813999891281128,4.462800025939941
2,0.7319,0.5804,0.5375,0.0125,0.8859999775886536,3.9512999057769775
3,0.6940000000000001,0.5426,0.7625,0.0141,0.9052000045776368,4.456799983978272
