anno_index,coord_x,coord_y,coord_z,diameter,malscore,diameter_mm
0,0.3625,0.6343,0.2933,0.0235,0.9265000224113464,7.271900177001952
1,0.3625,0.6731,0.2933,0.0278,0.9545000195503236,8.605400085449219
2,0.3625,0.6343,0.3333,0.0194,0.876800000667572,5.9832000732421875
3,0.3625,0.6731,0.3333,0.0203,0.8443999886512756,6.270199775695801
13,0.2071,0.6731,0.6133,0.0211,0.9584000110626221,6.5086002349853525
