anno_index,coord_x,coord_y,coord_z,diameter,malscore,diameter_mm
6,0.2947,0.4842,0.406,0.0187,0.9478999972343444,7.107999801635742
7,0.7368,0.3895,0.6209,0.0202,0.977299988269806,7.686600208282473
14,0.2,0.5474,0.7284,0.0186,0.9588000178337096,7.0750999450683585
15,0.3263,0.3895,0.7642,0.0098,0.8391000032424927,3.7151999473571777
16,0.2947,0.4211,0.7642,0.0124,0.8396999835968018,4.730100154876709
17,0.2316,0.4526,0.7642,0.0177,0.9753999710083008,6.739799976348878
23,0.2316,0.4526,0.8,0.0091,0.8291000127792358,3.460900068283081
30,0.3895,0.4211,0.8358,0.0101,0.9390000104904176,3.853600025177002
