anno_index,coord_x,coord_y,coord_z,diameter,malscore,diameter_mm
6,0.6354,0.3542,0.4253,0.012,0.9264000058174132,4.609499931335449
7,0.6042,0.3854,0.4253,0.0075,0.8249999880790709,2.8682000637054443
8,0.7292,0.7292,0.5287,0.016,0.9276000261306764,6.1263999938964835
9,0.2604,0.7604,0.5632,0.0185,0.942900002002716,7.092400074005128
10,0.3542,0.7292,0.7356,0.0164,0.9297999739646912,6.315999984741211
11,0.3854,0.7292,0.7356,0.0134,0.8565999865531921,5.162300109863281
12,0.3854,0.4167,0.7701,0.0105,0.828499972820282,4.041299819946288
13,0.6354,0.6354,0.8046,0.0123,0.8834000229835509,4.736499786376953
