anno_index,coord_x,coord_y,coord_z,diameter,malscore,diameter_mm
0,0.3778,0.6444,0.4277,0.0272,0.9241999983787536,9.789799690246582
1,0.3778,0.6444,0.4654,0.0314,0.982200026512146,11.312700271606445
2,0.8111,0.5111,0.5409,0.0204,0.9646000266075134,7.329500198364258
3,0.8111,0.5444,0.5409,0.0206,0.9652000069618224,7.410799980163574
7,0.7444,0.5444,0.8428,0.0179,0.9415000081062316,6.437900066375732
8,0.6778,0.5778,0.8805,0.0237,0.9710000157356262,8.52340030670166
9,0.7111,0.5778,0.8805,0.02,0.9570000171661376,7.207900047302246
10,0.6444,0.6111,0.8805,0.0207,0.9438999891281128,7.438300132751465
11,0.6778,0.6111,0.8805,0.0155,0.9167000055313108,5.5844998359680185
