anno_index,coord_x,coord_y,coord_z,diameter,malscore,diameter_mm
0,0.8111,0.5778,0.3636,0.0144,0.9559999704360962,5.186200141906738
1,0.8111,0.6111,0.3636,0.0122,0.9212999939918518,4.406000137329102
2,0.8111,0.5778,0.3988,0.0087,0.9218000173568726,3.140000104904175
