anno_index,coord_x,coord_y,coord_z,diameter,malscore,diameter_mm
64,0.2027,0.5547,0.3472,0.0118,0.8319000005722046,4.439899921417236
65,0.2027,0.5867,0.3472,0.0123,0.8629999756813049,4.622900009155273
80,0.2027,0.3947,0.3889,0.0124,0.8389999866485596,4.638800144195557
81,0.2027,0.5547,0.3889,0.0147,0.9296000003814696,5.525300025939941
82,0.2027,0.5867,0.3889,0.0142,0.9164999723434448,5.3428001403808585
85,0.2987,0.3947,0.5139,0.0202,0.9542999863624572,7.591800212860107
86,0.3307,0.3947,0.5139,0.0149,0.8824999928474426,5.598499774932861
87,0.2987,0.4267,0.5139,0.0182,0.9139000177383424,6.837699890136719
88,0.2987,0.4267,0.5556,0.0148,0.8877000212669373,5.533899784088135
