anno_index,coord_x,coord_y,coord_z,diameter,malscore,diameter_mm
7,0.3444,0.6111,0.3012,0.013999999999999999,0.8967000246047974,5.0293002128601065
10,0.7444,0.6778,0.4096,0.0159,0.9223999977111816,5.716400146484375
22,0.7111,0.5111,0.6265,0.0127,0.8531000018119812,4.582300186157227
56,0.3111,0.5778,0.8434,0.0226,0.9546999931335448,8.147299766540527
