anno_index,coord_x,coord_y,coord_z,diameter,malscore,diameter_mm
1,0.8088,0.3235,0.3916,0.0135,0.8503000140190125,3.6786000728607178
2,0.8529,0.3235,0.3916,0.0122,0.8942999839782715,3.3220999240875244
5,0.8088,0.3235,0.4336,0.0211,0.9556000232696532,5.74970006942749
6,0.8529,0.3235,0.4336,0.0142,0.9171000123023988,3.85509991645813
11,0.3676,0.5,0.7273,0.0184,0.9083999991416932,4.999899864196777
12,0.3676,0.6765,0.8112,0.0273,0.963100016117096,7.438000202178955
13,0.3676,0.7206,0.8112,0.0231,0.9494000077247621,6.277900218963622
14,0.4118,0.5882,0.8531,0.0026,0.8269000053405762,0.6977000236511229
