anno_index,coord_x,coord_y,coord_z,diameter,malscore,diameter_mm
3,0.7,0.61,0.6237,0.0172,0.9678000211715698,6.866199970245361
4,0.73,0.61,0.6237,0.0134,0.9531000256538392,5.349800109863281
5,0.25,0.52,0.6559,0.0175,0.9329000115394592,6.9903998374938965
7,0.25,0.52,0.6882,0.0123,0.8227999806404114,4.92549991607666
8,0.37,0.64,0.7204,0.015,0.9064000248908995,5.989200115203857
28,0.28,0.61,0.8172,0.0186,0.8945999741554259,7.455100059509277
29,0.31,0.61,0.8172,0.0164,0.9010000228881836,6.577400207519531
32,0.31,0.61,0.8495,0.0143,0.9190000295639038,5.7316999435424805
33,0.55,0.64,0.8495,0.0294,0.9628000259399414,11.773900032043455
