anno_index,coord_x,coord_y,coord_z,diameter,malscore,diameter_mm
9,0.7273,0.4402,0.4217,0.0178,0.9016000032424928,7.460000038146973
36,0.3828,0.4402,0.7635,0.0177,0.9423999786376952,7.378600120544434
37,0.5837,0.555,0.7977,0.0111,0.8695999979972839,4.644299983978272
38,0.5837,0.555,0.8319,0.0091,0.8511000275611877,3.7939000129699703
39,0.6411,0.5263,0.8661,0.0064,0.8158000111579895,2.6877999305725098
