anno_index,coord_x,coord_y,coord_z,diameter,malscore,diameter_mm
0,0.3875,0.3125,0.4247,0.0136,0.8203999996185303,4.352799892425537
1,0.3875,0.3125,0.4658,0.0125,0.8458999991416931,4.012499809265137
2,0.3125,0.5,0.5068,0.0153,0.8367999792098999,4.902400016784668
