anno_index,coord_x,coord_y,coord_z,diameter,malscore,diameter_mm
12,0.3915,0.4936,0.4624,0.0088,0.8238000273704529,4.156300067901611
