anno_index,coord_x,coord_y,coord_z,diameter,malscore,diameter_mm
0,0.7722,0.3924,0.3247,0.0253,0.9664999842643738,7.9861998558044425
1,0.8101,0.3924,0.3247,0.0161,0.8830000162124634,5.092100143432617
8,0.3165,0.3924,0.4026,0.0228,0.96670001745224,7.203400135040282
9,0.3165,0.4304,0.4026,0.0254,0.9670000076293944,8.03380012512207
10,0.3544,0.4304,0.4026,0.0159,0.9063000082969666,5.03849983215332
