anno_index,coord_x,coord_y,coord_z,diameter,malscore,diameter_mm
0,0.3333,0.6933,0.2525,0.0285,0.9732000231742859,8.543100357055664
1,0.3733,0.6933,0.2525,0.0166,0.8427000045776367,4.969200134277344
11,0.7733,0.6133,0.5714,0.0129,0.8684999942779541,3.8703999519348153
15,0.7333,0.5733,0.7309,0.0167,0.8769000172615051,5.005499839782715
17,0.3733,0.6533,0.7708,0.0139,0.8234999775886536,4.163099765777588
18,0.3733,0.6933,0.7708,0.0153,0.8445000052452087,4.583799839019775
