anno_index,coord_x,coord_y,coord_z,diameter,malscore,diameter_mm
0,0.8343,0.4229,0.303,0.0166,0.8741000294685364,5.8098998069763175
1,0.2514,0.6629,0.4848,0.0171,0.8460999727249146,5.994999885559082
2,0.1486,0.6629,0.5939,0.0047,0.8707000017166138,1.628100037574768
8,0.8,0.56,0.7758,0.0126,0.8213000297546387,4.423900127410889
9,0.2857,0.6286,0.8121,0.0143,0.9176999926567078,4.992499828338623
10,0.2514,0.6629,0.8121,0.0089,0.8403000235557556,3.1242001056671143
11,0.2857,0.6629,0.8121,0.0156,0.928600013256073,5.4706997871398935
12,0.5943,0.5943,0.8848,0.0135,0.8776000142097473,4.725599765777588
