anno_index,coord_x,coord_y,coord_z,diameter,malscore,diameter_mm
1,0.2054,0.5622,0.4304,0.0099,0.8148999810218811,3.66540002822876
