anno_index,coord_x,coord_y,coord_z,diameter,malscore,diameter_mm
1,0.3778,0.4444,0.4118,0.0146,0.9100000262260436,5.251699924468994
2,0.3778,0.4778,0.4118,0.0141,0.9089999794960022,5.074399948120117
4,0.3778,0.4444,0.4559,0.0132,0.8087000250816345,4.762199878692627
5,0.3778,0.4778,0.4559,0.0167,0.9060999751091005,6.0132999420166025
