anno_index,coord_x,coord_y,coord_z,diameter,malscore,diameter_mm
0,0.8444,0.3111,0.2993,0.0159,0.9301999807357788,5.708099842071532
1,0.8444,0.3444,0.2993,0.0166,0.9298999905586244,5.96750020980835
2,0.6444,0.3444,0.6667,0.0108,0.8093000054359436,3.8956999778747563
3,0.2444,0.4444,0.6667,0.0131,0.8363000154495239,4.7032999992370605
4,0.7111,0.4444,0.8299,0.0067,0.8052999973297119,2.427999973297119
