anno_index,coord_x,coord_y,coord_z,diameter,malscore,diameter_mm
0,0.2032,0.3175,0.3511,0.0101,0.8086000084877014,3.1951000690460205
1,0.6984,0.2794,0.4263,0.0207,0.9399999976158142,6.529600143432617
2,0.6984,0.2794,0.4639,0.0232,0.9757000207901,7.307600021362305
11,0.3556,0.6222,0.652,0.0137,0.8614000082015991,4.326300144195557
13,0.8127,0.5079,0.7649,0.0211,0.9474999904632568,6.633999824523926
14,0.5841,0.6222,0.8025,0.0164,0.8177000284194946,5.167399883270264
