anno_index,coord_x,coord_y,coord_z,diameter,malscore,diameter_mm
2,0.112,0.112,0.4416,0.0136,0.9017999768257141,3.4052000045776367
3,0.064,0.16,0.4416,0.0055,0.8144000172615051,1.3662999868392944
4,0.16,0.5920000000000001,0.4805,0.0151,0.8319000005722046,3.78410005569458
5,0.208,0.4,0.6364,0.0322,0.9387000203132628,8.041199684143066
6,0.208,0.4,0.6753,0.0321,0.9531999826431274,8.024200439453125
7,0.256,0.4,0.6753,0.02,0.839900016784668,5.009300231933594
8,0.35200000000000004,0.544,0.7922,0.026,0.9718999862670898,6.510900020599365
9,0.5920000000000001,0.496,0.8701,0.0214,0.901300013065338,5.347899913787842
