anno_index,coord_x,coord_y,coord_z,diameter,malscore,diameter_mm
4,0.2444,0.3444,0.546,0.0122,0.8384000062942505,4.379000186920166
5,0.2778,0.3444,0.546,0.0149,0.9004999995231628,5.381800174713135
