anno_index,coord_x,coord_y,coord_z,diameter,malscore,diameter_mm
0,0.2382,0.6144,0.5694,0.0121,0.8100000023841858,3.866499900817871
