anno_index,coord_x,coord_y,coord_z,diameter,malscore,diameter_mm
0,0.2632,0.2947,0.5195,0.021,0.9508000016212464,7.969200134277344
1,0.2947,0.2947,0.5195,0.0105,0.8687000274658203,3.992899894714357
3,0.6737,0.6105,0.8701,0.0217,0.9380000233650208,8.251899719238281
4,0.6105,0.5789,0.9091,0.0167,0.897599995136261,6.359499931335449
5,0.6105,0.6105,0.9091,0.0191,0.9383999705314636,7.2652997970581055
