anno_index,coord_x,coord_y,coord_z,diameter,malscore,diameter_mm
0,0.2588,0.3294,0.2639,0.0102,0.8026000261306763,3.4635999202728267
1,0.1882,0.5765,0.4722,0.012,0.8367000222206116,4.077199935913087
2,0.2235,0.5765,0.4722,0.0204,0.9376000165939332,6.9257001876831055
3,0.2588,0.5765,0.4722,0.0107,0.8082000017166138,3.651999950408936
4,0.7176,0.5059,0.5139,0.0132,0.8414999842643738,4.4790000915527335
5,0.7529,0.5059,0.5139,0.0145,0.940500020980835,4.914599895477295
6,0.7529,0.5412,0.5139,0.0107,0.8550000190734863,3.6219000816345215
7,0.2235,0.5765,0.6389,0.0179,0.8945000171661377,6.071199893951416
8,0.5765,0.6118,0.8889,0.0126,0.8174999952316284,4.299300193786621
