anno_index,coord_x,coord_y,coord_z,diameter,malscore,diameter_mm
28,0.3215,0.3499,0.366,0.0133,0.8542000055313109,5.617000102996826
31,0.3499,0.3499,0.4052,0.0099,0.8479999899864197,4.167600154876709
36,0.2931,0.4634,0.6405,0.0124,0.8924999833106995,5.242599964141847
37,0.2931,0.4917,0.6405,0.0151,0.92849999666214,6.375400066375732
