anno_index,coord_x,coord_y,coord_z,diameter,malscore,diameter_mm
17,0.8343,0.3886,0.4392,0.0101,0.8619999885559082,3.5227999687194824
18,0.8343,0.4229,0.4392,0.0143,0.8345000147819519,5.016600131988525
19,0.8343,0.3886,0.4748,0.0128,0.8356999754905701,4.464000225067139
20,0.8343,0.4229,0.4748,0.0219,0.9445000290870668,7.6795997619628915
42,0.3886,0.3886,0.8309,0.0095,0.8180999755859375,3.324899911880493
