anno_index,coord_x,coord_y,coord_z,diameter,malscore,diameter_mm
0,0.425,0.275,0.3709,0.0188,0.9265999794006348,6.01140022277832
1,0.2375,0.575,0.5695,0.0149,0.8180999755859375,4.770199775695801
2,0.3125,0.575,0.5695,0.0183,0.8740000128746033,5.8652000427246085
3,0.8,0.35,0.649,0.0025,0.926800012588501,0.7872999906539917
4,0.8,0.3875,0.649,0.0032,0.9731000065803528,1.0211000442504885
12,0.6875,0.4625,0.7682,0.0046,0.8414999842643738,1.4706000089645386
