anno_index,coord_x,coord_y,coord_z,diameter,malscore,diameter_mm
4,0.7429,0.7429,0.6364,0.0214,0.879800021648407,6.004300117492676
