anno_index,coord_x,coord_y,coord_z,diameter,malscore,diameter_mm
1,0.3846,0.4423,0.6187,0.0157,0.9298999905586244,6.528500080108643
2,0.4135,0.4712,0.6187,0.0169,0.9514999985694884,7.046599864959718
3,0.3846,0.5,0.6619,0.013999999999999999,0.9215999841690063,5.825300216674805
4,0.4135,0.5,0.6619,0.0152,0.9613999724388124,6.3343000411987305
7,0.3558,0.6442,0.705,0.0139,0.8978000283241272,5.765999794006348
