anno_index,coord_x,coord_y,coord_z,diameter,malscore,diameter_mm
1,0.3226,0.2839,0.4471,0.019,0.91430002450943,5.8821001052856445
3,0.3226,0.3226,0.5559,0.0143,0.8471999764442444,4.431000232696533
4,0.3226,0.4,0.5559,0.0186,0.9333999752998352,5.779399871826173
26,0.7484,0.5548,0.6647,0.0278,0.9801999926567078,8.627699851989746
32,0.7484,0.5548,0.7009,0.023,0.9560999870300292,7.135300159454348
37,0.5935,0.6323,0.7372,0.0202,0.90829998254776,6.2667999267578125
38,0.5935,0.6709999999999999,0.7372,0.028,0.9437999725341796,8.664699554443361
41,0.5935,0.6709999999999999,0.7734,0.0257,0.9373000264167786,7.958000183105469
