anno_index,coord_x,coord_y,coord_z,diameter,malscore,diameter_mm
0,0.237,0.4148,0.2933,0.0041,0.9401000142097472,1.110100030899048
1,0.237,0.4593,0.2933,0.0043,0.9167000055313108,1.1603000164031982
8,0.8593,0.3704,0.5333,0.0178,0.8590999841690063,4.801599979400635
9,0.1926,0.3704,0.5733,0.0307,0.9487000107765198,8.293999671936035
10,0.237,0.3704,0.5733,0.0288,0.934499979019165,7.779600143432617
