anno_index,coord_x,coord_y,coord_z,diameter,malscore,diameter_mm
0,0.7053,0.5158,0.3094,0.01,0.8256999850273132,3.7909998893737793
1,0.2947,0.5158,0.442,0.0159,0.8794000148773193,6.043000221252441
4,0.3263,0.8,0.5083,0.0253,0.987600028514862,9.625200271606444
7,0.3263,0.8,0.5414,0.0248,0.9837999939918518,9.412699699401855
8,0.7368,0.4526,0.6409,0.0156,0.9265000224113464,5.934199810028076
9,0.7053,0.4526,0.674,0.0165,0.892300009727478,6.271200180053711
10,0.7368,0.4526,0.674,0.0173,0.9325000047683716,6.584000110626223
11,0.7053,0.4842,0.8398,0.0119,0.8296999931335449,4.5391998291015625
12,0.7053,0.5158,0.8398,0.0143,0.805899977684021,5.442699909210205
