anno_index,coord_x,coord_y,coord_z,diameter,malscore,diameter_mm
1,0.3444,0.4778,0.3164,0.0202,0.9502000212669371,7.257299900054932
4,0.8444,0.4444,0.5198,0.0155,0.9185000061988832,5.588799953460693
7,0.3444,0.6778,0.7909999999999999,0.012,0.8447999954223633,4.332300186157228
