anno_index,coord_x,coord_y,coord_z,diameter,malscore,diameter_mm
1,0.8209,0.4179,0.2013,0.0183,0.83160001039505,4.896599769592285
2,0.8209,0.4627,0.2013,0.0323,0.9520000219345092,8.654399871826174
7,0.2388,0.4179,0.4654,0.026,0.9574000239372252,6.9703001976013175
10,0.2388,0.4179,0.5031,0.027000000000000003,0.9731000065803528,7.227799892425537
