anno_index,coord_x,coord_y,coord_z,diameter,malscore,diameter_mm
2,0.3733,0.2933,0.2517,0.0111,0.842199981212616,3.330899953842163
3,0.3733,0.3333,0.2517,0.0125,0.8342000246047974,3.760200023651123
13,0.6533,0.6933,0.6887,0.0239,0.9038000106811525,7.15910005569458
14,0.2133,0.4933,0.7285,0.0171,0.8853999972343445,5.126500129699707
15,0.7333,0.5333,0.8079,0.0151,0.9017999768257141,4.5370001792907715
