anno_index,coord_x,coord_y,coord_z,diameter,malscore,diameter_mm
3,0.7176,0.3294,0.5181,0.0217,0.9412000179290771,7.372499942779541
6,0.7176,0.3294,0.5542,0.0179,0.8392999768257141,6.094600200653076
11,0.2588,0.5412,0.6627,0.011000000000000001,0.8209000229835509,3.7446000576019287
12,0.2941,0.5412,0.6627,0.0114,0.8287000060081482,3.8766999244689937
15,0.2941,0.4706,0.6988,0.0195,0.968500018119812,6.622600078582764
16,0.2941,0.5059,0.6988,0.0186,0.961300015449524,6.3084001541137695
21,0.2941,0.4706,0.7349,0.0218,0.9872999787330629,7.4025001525878915
22,0.2941,0.5059,0.7349,0.0236,0.9764999747276306,8.038700103759767
