anno_index,coord_x,coord_y,coord_z,diameter,malscore,diameter_mm
13,0.2111,0.5111,0.3899,0.0109,0.8593000173568726,3.9086000919342037
