anno_index,coord_x,coord_y,coord_z,diameter,malscore,diameter_mm
45,0.3274,0.5133,0.5196,0.0165,0.9679999947547911,7.472700119018555
55,0.6459999999999999,0.5929,0.5921,0.0019,0.9391999840736388,0.8755000233650208
63,0.3009,0.4867,0.7009,0.0051,0.9477000236511228,2.2973999977111816
64,0.3009,0.5133,0.7009,0.0029,0.9466000199317932,1.3293999433517456
66,0.3009,0.4867,0.7372,0.0049,0.968500018119812,2.208400011062622
67,0.3009,0.5133,0.7372,0.0038,0.9807000160217284,1.7380000352859497
