anno_index,coord_x,coord_y,coord_z,diameter,malscore,diameter_mm
0,0.3875,0.3875,0.6232,0.0248,0.9708999991416932,7.933499813079834
1,0.3875,0.3875,0.6667,0.0239,0.9671000242233276,7.643599987030027
2,0.3875,0.6125,0.6667,0.0247,0.9879999756813048,7.895100116729736
3,0.3875,0.6125,0.7101,0.0247,0.9782000184059144,7.907700061798098
