anno_index,coord_x,coord_y,coord_z,diameter,malscore,diameter_mm
0,0.2065,0.3226,0.2525,0.0255,0.9308000206947328,7.906099796295166
1,0.2065,0.3226,0.2924,0.0237,0.940500020980835,7.349100112915039
2,0.2065,0.5161,0.412,0.0183,0.9276999831199646,5.672100067138673
3,0.2452,0.5161,0.412,0.0179,0.9415000081062316,5.5339999198913565
10,0.7097,0.7097,0.6113,0.0124,0.8655999898910522,3.837399959564209
11,0.7097,0.7097,0.6512,0.0122,0.8970999717712402,3.773900032043457
