anno_index,coord_x,coord_y,coord_z,diameter,malscore,diameter_mm
11,0.7238,0.6095,0.5978,0.0153,0.946399986743927,6.440299987792969
12,0.2381,0.4381,0.6304,0.0093,0.8041999936103821,3.9235999584198
13,0.2667,0.6381,0.6304,0.0096,0.8113999962806702,4.025700092315674
14,0.581,0.4952,0.8261,0.0148,0.8220999836921692,6.197400093078612
