anno_index,coord_x,coord_y,coord_z,diameter,malscore,diameter_mm
2,0.725,0.65,0.7394,0.0146,0.8957999944686891,4.680200099945068
