anno_index,coord_x,coord_y,coord_z,diameter,malscore,diameter_mm
0,0.4111,0.3778,0.3247,0.0045,0.8130000233650208,1.6158000230789185
1,0.4111,0.6111,0.3247,0.0021,0.8450999855995178,0.7674999833106995
2,0.3778,0.6111,0.3636,0.002,0.8306999802589417,0.7146999835968018
3,0.4111,0.6111,0.3636,0.0025,0.9456999897956848,0.8820000290870667
4,0.7778,0.4111,0.4416,0.0138,0.8399999737739563,4.981100082397461
7,0.7778,0.4111,0.4805,0.0196,0.9501000046730042,7.06850004196167
11,0.2778,0.6444,0.5195,0.0165,0.9241999983787536,5.944900035858152
12,0.6111,0.3444,0.7922,0.0049,0.9049000144004822,1.7559000253677368
