anno_index,coord_x,coord_y,coord_z,diameter,malscore,diameter_mm
2,0.2235,0.5765,0.6887,0.014,0.8838000297546387,4.760499954223633
3,0.4353,0.5765,0.8477,0.013,0.8087999820709229,4.4141998291015625
