anno_index,coord_x,coord_y,coord_z,diameter,malscore,diameter_mm
10,0.2111,0.4778,0.5119,0.0109,0.8815000057220459,3.921600103378296
14,0.1778,0.4778,0.5476,0.0074,0.8208000063896179,2.6717000007629395
15,0.1778,0.5111,0.5476,0.01,0.8765000104904175,3.587300062179565
16,0.1778,0.5444,0.5476,0.0187,0.9542000293731692,6.748899936676025
17,0.1778,0.5778,0.5476,0.0209,0.9502999782562256,7.5370001792907715
18,0.1778,0.5444,0.5833,0.015,0.8841999769210815,5.400000095367432
19,0.1778,0.5778,0.5833,0.0187,0.9312999844551086,6.738399982452393
