anno_index,coord_x,coord_y,coord_z,diameter,malscore,diameter_mm
0,0.7368,0.6105,0.6702,0.0072,0.8001999855041504,2.7202999591827406
1,0.6105,0.6421,0.8586,0.0223,0.9502999782562256,8.492199897766112
