anno_index,coord_x,coord_y,coord_z,diameter,malscore,diameter_mm
0,0.3444,0.6444,0.7508,0.0166,0.8950999975204468,5.9756999015808105
12,0.3444,0.6111,0.8615,0.0217,0.9751999974250792,7.8281002044677725
13,0.3444,0.6111,0.8985,0.0212,0.9509000182151794,7.621799945831299
