anno_index,coord_x,coord_y,coord_z,diameter,malscore,diameter_mm
0,0.5714,0.6338,0.64,0.0094,0.8026999831199646,3.6059000492095934
1,0.6026,0.6338,0.64,0.0123,0.8414000272750854,4.743400096893311
2,0.5714,0.6649,0.64,0.0156,0.9254000186920166,5.98769998550415
3,0.6026,0.6649,0.64,0.0198,0.973200023174286,7.615099906921388
4,0.6338,0.3532,0.6769,0.0199,0.9567999839782716,7.6578001976013175
5,0.6649,0.3532,0.6769,0.0187,0.961899995803833,7.216499805450439
