anno_index,coord_x,coord_y,coord_z,diameter,malscore,diameter_mm
2,0.64,0.49,0.7485,0.0085,0.8021000027656555,3.40310001373291
7,0.28,0.67,0.7485,0.0176,0.9582999944686892,7.044899940490723
12,0.34,0.67,0.8187,0.0016,0.9017999768257141,0.6539999842643738
13,0.37,0.67,0.8187,0.0017,0.9208999872207642,0.6935999989509583
