anno_index,coord_x,coord_y,coord_z,diameter,malscore,diameter_mm
13,0.7543,0.3672,0.3666,0.0131,0.9477999806404114,5.288899898529053
14,0.2481,0.397,0.4313,0.0113,0.8271999955177307,4.559299945831299
18,0.3375,0.5459,0.4636,0.0353,0.9363999962806702,14.229100227355955
20,0.3077,0.5757,0.5606,0.0104,0.8134999871253967,4.1975998878479
26,0.3672,0.5459,0.7224,0.0103,0.8048999905586243,4.16480016708374
