anno_index,coord_x,coord_y,coord_z,diameter,malscore,diameter_mm
0,0.9179999999999999,0.2885,0.2338,0.0251,0.9575999975204468,7.65880012512207
1,0.9179999999999999,0.3279,0.2338,0.0226,0.90420001745224,6.883999824523926
2,0.8,0.5639,0.3446,0.0211,0.926800012588501,6.449699878692628
3,0.1705,0.4852,0.4554,0.0149,0.8618000149726868,4.548099994659424
4,0.6033,0.3672,0.6769,0.0182,0.892300009727478,5.566100120544434
5,0.682,0.7213,0.6769,0.0235,0.948300004005432,7.168700218200684
6,0.682,0.7607,0.6769,0.0266,0.9553999900817872,8.120100021362305
