anno_index,coord_x,coord_y,coord_z,diameter,malscore,diameter_mm
3,0.2632,0.3263,0.5248,0.015,0.8586999773979187,5.6992998123168945
4,0.2947,0.3263,0.5248,0.0178,0.9516000151634216,6.770100116729736
5,0.2632,0.3579,0.5248,0.0201,0.9571999907493592,7.631100177764893
6,0.2947,0.3579,0.5248,0.0205,0.9767000079154968,7.789400100708008
9,0.2947,0.3263,0.5674,0.0133,0.8734999895095825,5.048799991607666
10,0.2632,0.3579,0.5674,0.0165,0.8744000196456909,6.257599830627441
11,0.2947,0.3579,0.5674,0.0207,0.9786999821662904,7.883299827575684
28,0.6737,0.5474,0.8227,0.0128,0.8242999911308289,4.856400012969972
33,0.6737,0.5474,0.8652,0.0187,0.9398999810218812,7.1082000732421875
