anno_index,coord_x,coord_y,coord_z,diameter,malscore,diameter_mm
5,0.6824,0.3647,0.5627,0.0138,0.8190000057220459,4.7000999450683585
