anno_index,coord_x,coord_y,coord_z,diameter,malscore,diameter_mm
1,0.2778,0.6778,0.33899999999999997,0.0126,0.8037999868392944,4.531499862670898
2,0.3111,0.6778,0.33899999999999997,0.0164,0.8950999975204468,5.92110013961792
3,0.2778,0.7111,0.33899999999999997,0.0135,0.8036999702453613,4.870800018310547
4,0.3111,0.7111,0.33899999999999997,0.0199,0.9219999909400941,7.1774001121521
6,0.7111,0.4778,0.5831,0.0156,0.9422000050544742,5.625699996948242
8,0.7111,0.4778,0.6237,0.0139,0.9588999748229979,5.017899990081787
