anno_index,coord_x,coord_y,coord_z,diameter,malscore,diameter_mm
0,0.7097,0.5548,0.5517,0.0264,0.9818000197410583,8.174599647521973
1,0.7097,0.5548,0.5931,0.0205,0.9441999793052672,6.352700233459473
