anno_index,coord_x,coord_y,coord_z,diameter,malscore,diameter_mm
18,0.7022,0.5689,0.5748,0.0105,0.8657000064849854,4.709199905395508
19,0.3289,0.6489,0.7507,0.0125,0.8604000210762024,5.611400127410889
