anno_index,coord_x,coord_y,coord_z,diameter,malscore,diameter_mm
4,0.2947,0.5474,0.5977,0.0198,0.9645000100135804,7.5156002044677725
5,0.2947,0.5789,0.5977,0.0131,0.8766999840736389,4.959700107574463
