anno_index,coord_x,coord_y,coord_z,diameter,malscore,diameter_mm
10,0.2714,0.4857,0.4052,0.019,0.9027000069618224,5.322199821472168
11,0.2714,0.5286,0.4052,0.0249,0.9513999819755554,6.960400104522705
12,0.2714,0.7,0.4052,0.0159,0.8790000081062317,4.439700126647949
13,0.2714,0.7,0.4444,0.0187,0.940400004386902,5.224999904632568
