anno_index,coord_x,coord_y,coord_z,diameter,malscore,diameter_mm
4,0.2444,0.5444,0.3762,0.0278,0.9617999792099,10.011199951171877
5,0.2778,0.5444,0.3762,0.0252,0.9587000012397766,9.078800201416016
6,0.2444,0.5778,0.3762,0.0241,0.9308000206947328,8.67039966583252
7,0.2778,0.5778,0.3762,0.0187,0.8691999912261963,6.7307000160217285
8,0.2444,0.5444,0.4356,0.0282,0.95770001411438,10.149399757385254
9,0.2778,0.5444,0.4356,0.0251,0.9634000062942504,9.031100273132324
10,0.2444,0.5778,0.4356,0.0227,0.9372000098228456,8.161600112915039
11,0.2778,0.5778,0.4356,0.0195,0.9340000152587892,7.025599956512451
