anno_index,coord_x,coord_y,coord_z,diameter,malscore,diameter_mm
2,0.7368,0.5474,0.2953,0.0031,0.8824999928474426,1.1965999603271484
3,0.7684,0.5474,0.2953,0.0027,0.9009000062942504,1.0262000560760498
4,0.7368,0.5158,0.3356,0.0035,0.8866000175476074,1.3323999643325806
5,0.7684,0.5158,0.3356,0.0036,0.9585999846458436,1.3746000528335571
6,0.7368,0.5474,0.3356,0.0029,0.9818999767303468,1.0979000329971311
7,0.7684,0.5474,0.3356,0.0026,0.992799997329712,1.0019999742507937
