anno_index,coord_x,coord_y,coord_z,diameter,malscore,diameter_mm
3,0.28,0.55,0.5542,0.013,0.9355999827384948,5.192200183868408
4,0.28,0.58,0.5542,0.0165,0.9592999815940856,6.604899883270264
