anno_index,coord_x,coord_y,coord_z,diameter,malscore,diameter_mm
0,0.61,0.55,0.3626,0.0162,0.9108999967575072,6.47189998626709
1,0.64,0.55,0.3626,0.0106,0.8222000002861023,4.240300178527832
2,0.25,0.43,0.3977,0.0103,0.8417999744415283,4.130499839782715
7,0.28,0.52,0.5379999999999999,0.0191,0.9649999737739564,7.658299922943115
