anno_index,coord_x,coord_y,coord_z,diameter,malscore,diameter_mm
0,0.7224,0.3666,0.0611,0.0119,0.8367000222206116,4.41379976272583
1,0.69,0.3989,0.0611,0.031,0.8924000263214111,11.50979995727539
2,0.7224,0.3989,0.0611,0.0235,0.8434000015258789,8.706199645996094
