anno_index,coord_x,coord_y,coord_z,diameter,malscore,diameter_mm
5,0.6875,0.3875,0.6723,0.0084,0.8162999749183655,2.703900098800659
6,0.6875,0.425,0.6723,0.0192,0.9757999777793884,6.128399848937987
7,0.6875,0.425,0.7227,0.0198,0.9778000116348268,6.339200019836426
