anno_index,coord_x,coord_y,coord_z,diameter,malscore,diameter_mm
0,0.2529,0.3218,0.5786,0.0207,0.9531000256538392,7.203400135040282
1,0.2874,0.3218,0.5786,0.021,0.9789000153541564,7.321800231933594
2,0.2874,0.3218,0.6164,0.0116,0.8321999907493591,4.0499000549316415
