anno_index,coord_x,coord_y,coord_z,diameter,malscore,diameter_mm
0,0.3294,0.5765,0.1934,0.0245,0.9661999940872192,8.345999717712402
1,0.3294,0.5765,0.2296,0.0251,0.9765999913215636,8.526900291442871
2,0.2941,0.3647,0.4109,0.0103,0.8263000249862671,3.4863998889923096
8,0.2588,0.7529,0.5559,0.0094,0.8119999766349792,3.188499927520752
9,0.8235,0.5059,0.6284,0.0154,0.9121999740600586,5.222700119018555
10,0.2235,0.6118,0.8097,0.016,0.8891000151634216,5.4430999755859375
