anno_index,coord_x,coord_y,coord_z,diameter,malscore,diameter_mm
0,0.7335,0.6304,0.2331,0.0171,0.9108999967575072,5.956600189208984
1,0.2178,0.3897,0.3436,0.0155,0.9099000096321106,5.411799907684326
2,0.2178,0.3209,0.3804,0.0227,0.962000012397766,7.929900169372559
3,0.2521,0.3209,0.3804,0.0223,0.9742000102996826,7.7779998779296875
4,0.2178,0.3209,0.4172,0.0175,0.9120000004768372,6.121699810028076
5,0.2521,0.3209,0.4172,0.0223,0.9725000262260436,7.7941999435424805
6,0.7679,0.3897,0.5276,0.0122,0.8385999798774719,4.245299816131592
7,0.7679,0.3897,0.5644,0.0152,0.9362999796867372,5.303500175476074
8,0.2865,0.4241,0.6748,0.0123,0.864300012588501,4.296500205993652
