anno_index,coord_x,coord_y,coord_z,diameter,malscore,diameter_mm
0,0.2778,0.4111,0.4096,0.0116,0.8263000249862671,4.1930999755859375
1,0.2778,0.4444,0.4096,0.0208,0.961899995803833,7.486800193786621
2,0.2778,0.4444,0.4458,0.0099,0.8938000202178955,3.554500102996826
9,0.2444,0.5778,0.5542,0.0211,0.98580002784729,7.600599765777588
10,0.2778,0.5778,0.5542,0.0172,0.9805999994277954,6.209700107574463
12,0.2444,0.7111,0.5542,0.016,0.9014999866485596,5.743500232696532
13,0.2444,0.5778,0.5904,0.019,0.9704999923706056,6.857900142669678
14,0.2778,0.5778,0.5904,0.0132,0.9527999758720398,4.756400108337402
