anno_index,coord_x,coord_y,coord_z,diameter,malscore,diameter_mm
0,0.3111,0.5778,0.7582,0.0262,0.9383000135421752,9.41670036315918
2,0.3111,0.5778,0.7974,0.0309,0.9864000082015992,11.13949966430664
3,0.3111,0.6111,0.7974,0.0286,0.9678000211715698,10.289600372314453
