anno_index,coord_x,coord_y,coord_z,diameter,malscore,diameter_mm
0,0.2444,0.7444,0.3359,0.0217,0.9682999849319458,7.810100078582764
1,0.2444,0.7444,0.3817,0.0221,0.9743000268936156,7.9465999603271475
2,0.2111,0.5778,0.4733,0.0169,0.8664000034332275,6.0711002349853525
