anno_index,coord_x,coord_y,coord_z,diameter,malscore,diameter_mm
4,0.3778,0.3444,0.6174,0.0208,0.9613999724388124,7.490399837493896
8,0.3444,0.6444,0.7383,0.0132,0.9222000241279602,4.767600059509277
9,0.3444,0.5111,0.8188,0.0141,0.8486999869346619,5.0746002197265625
