anno_index,coord_x,coord_y,coord_z,diameter,malscore,diameter_mm
6,0.2444,0.5444,0.3636,0.0226,0.9684000015258788,8.132699966430664
27,0.2444,0.4111,0.5818,0.0176,0.930899977684021,6.333600044250487
28,0.2778,0.4111,0.5818,0.0143,0.9142000079154968,5.130300045013428
30,0.2444,0.4111,0.6255,0.0187,0.939300000667572,6.746799945831299
31,0.2778,0.4111,0.6255,0.0127,0.8996999859809875,4.556000232696533
66,0.2778,0.4111,0.8,0.0184,0.9081000089645386,6.615300178527832
67,0.3111,0.4111,0.8,0.0108,0.8539999723434448,3.892699956893921
80,0.6778,0.6444,0.8873,0.0094,0.8212000131607056,3.391700029373169
