anno_index,coord_x,coord_y,coord_z,diameter,malscore,diameter_mm
11,0.3111,0.4111,0.3758,0.0165,0.9060999751091005,5.932199954986572
24,0.2111,0.5778,0.5939,0.0043,0.8960999846458435,1.5530999898910522
25,0.2111,0.6111,0.5939,0.0052,0.9036999940872192,1.8730000257492063
26,0.2111,0.5778,0.6303,0.0055,0.930400013923645,1.976699948310852
27,0.2111,0.6111,0.6303,0.0044,0.8723000288009644,1.587399959564209
28,0.7444,0.6778,0.6303,0.0026,0.8550999760627747,0.9485999941825868
29,0.2111,0.5778,0.7394,0.0027,0.981599986553192,0.9783999919891356
30,0.2444,0.5778,0.7394,0.0025,0.9866999983787536,0.9146999716758728
