anno_index,coord_x,coord_y,coord_z,diameter,malscore,diameter_mm
2,0.2588,0.5765,0.5079,0.012,0.8406999707221985,4.0847997665405265
3,0.7176,0.5765,0.6222,0.0197,0.942900002002716,6.687099933624268
4,0.7176,0.5765,0.6984,0.0152,0.8450999855995178,5.184000015258789
5,0.7176,0.6118,0.6984,0.0132,0.8180999755859375,4.4920997619628915
