anno_index,coord_x,coord_y,coord_z,diameter,malscore,diameter_mm
0,0.8414,0.7586,0.6187,0.0154,0.8101999759674072,4.479599952697754
