anno_index,coord_x,coord_y,coord_z,diameter,malscore,diameter_mm
8,0.0903,0.5161,0.3372,0.0209,0.914900004863739,6.475399971008301
