anno_index,coord_x,coord_y,coord_z,diameter,malscore,diameter_mm
5,0.3294,0.4,0.4494,0.0167,0.8986999988555908,5.6802000999450675
6,0.2235,0.5765,0.5843,0.0191,0.9526000022888184,6.4815001487731925
7,0.8235,0.6118,0.618,0.0202,0.9499999880790708,6.8829002380371085
8,0.7529,0.4353,0.6517,0.0196,0.91729998588562,6.668499946594237
9,0.7529,0.4353,0.6854,0.0129,0.8113999962806702,4.370100021362306
10,0.2235,0.5412,0.6854,0.0208,0.97979998588562,7.0697999000549325
11,0.2235,0.5765,0.6854,0.0079,0.8165000081062317,2.688999891281128
12,0.2235,0.5412,0.7191,0.0199,0.9675999879837036,6.780200004577638
