anno_index,coord_x,coord_y,coord_z,diameter,malscore,diameter_mm
2,0.2566,0.4315,0.4109,0.0237,0.9799000024795532,8.135800361633299
3,0.2915,0.4315,0.4109,0.0178,0.9315000176429749,6.10099983215332
4,0.2216,0.4665,0.4834,0.0152,0.8959000110626221,5.2210001945495605
16,0.2566,0.5364,0.7734,0.0164,0.8970000147819519,5.626200199127197
17,0.2566,0.5714,0.7734,0.0205,0.9532999992370604,7.045899868011475
