anno_index,coord_x,coord_y,coord_z,diameter,malscore,diameter_mm
3,0.1778,0.6111,0.4259,0.0163,0.8822000026702881,5.863699913024902
