anno_index,coord_x,coord_y,coord_z,diameter,malscore,diameter_mm
5,0.6256,0.3795,0.4181,0.0104,0.8300999999046326,4.038400173187257
