anno_index,coord_x,coord_y,coord_z,diameter,malscore,diameter_mm
27,0.2872,0.7795,0.5333,0.0073,0.8061000108718872,2.8603000640869136
35,0.7179,0.6872,0.6725,0.0025,0.991699993610382,0.95660001039505
37,0.7179,0.6872,0.7072,0.0028,0.9894999861717224,1.0966999530792236
39,0.2872,0.5949,0.8812,0.0218,0.972599983215332,8.489800453186035
40,0.6564,0.6256,0.8812,0.0205,0.9657999873161316,7.991600036621094
