anno_index,coord_x,coord_y,coord_z,diameter,malscore,diameter_mm
21,0.3111,0.3444,0.6667,0.0188,0.9383000135421752,6.7677998542785645
22,0.3444,0.3444,0.6667,0.0137,0.8942999839782715,4.920000076293945
30,0.4778,0.3111,0.9425,0.004,0.8212000131607056,1.4469000101089478
