anno_index,coord_x,coord_y,coord_z,diameter,malscore,diameter_mm
28,0.2235,0.3294,0.5904,0.0169,0.9003999829292297,5.750800132751465
29,0.2588,0.3294,0.5904,0.0168,0.9117000102996826,5.717299938201902
30,0.2588,0.3294,0.6265,0.0101,0.8586999773979187,3.421499967575073
35,0.4,0.3647,0.8072,0.0168,0.8554999828338623,5.697700023651122
