anno_index,coord_x,coord_y,coord_z,diameter,malscore,diameter_mm
3,0.3294,0.7176,0.5662,0.022000000000000002,0.9078999757766724,7.4918999671936035
4,0.3294,0.7529,0.5662,0.0261,0.9512000083923341,8.888699531555176
5,0.3294,0.7176,0.6031,0.0208,0.8360000252723694,7.059599876403809
6,0.3294,0.7529,0.6031,0.0265,0.958400011062622,8.99839973449707
7,0.6471,0.6824,0.64,0.017,0.8464999794960022,5.771500110626223
8,0.6471,0.7176,0.64,0.0279,0.911899983882904,9.472900390625
9,0.3294,0.6824,0.7508,0.0103,0.8751999735832214,3.515700101852417
13,0.3294,0.6118,0.8246,0.0142,0.8245999813079834,4.815299987792969
