anno_index,coord_x,coord_y,coord_z,diameter,malscore,diameter_mm
0,0.7973,0.4261,0.3247,0.0144,0.8762999773025513,4.192699909210205
1,0.7973,0.4674,0.3247,0.0128,0.8102999925613403,3.729599952697754
2,0.1375,0.5911,0.4805,0.0208,0.8659999966621399,6.062600135803223
3,0.1787,0.5911,0.4805,0.0262,0.978600025177002,7.611800193786621
4,0.8385,0.4261,0.5195,0.0138,0.9060999751091005,4.012499809265137
5,0.1787,0.5911,0.5195,0.0245,0.9574000239372252,7.11870002746582
