anno_index,coord_x,coord_y,coord_z,diameter,malscore,diameter_mm
0,0.6813,0.3601,0.4766,0.0111,0.8025000095367432,4.563000202178955
