anno_index,coord_x,coord_y,coord_z,diameter,malscore,diameter_mm
20,0.5935,0.6709999999999999,0.2934,0.0043,0.8718000054359436,1.339400053024292
21,0.5935,0.7097,0.2934,0.0057,0.9088000059127808,1.7796000242233276
25,0.5935,0.6709999999999999,0.3398,0.0032,0.8389000296592712,1.0074000358581543
26,0.5935,0.7097,0.3398,0.0063,0.9229000210762024,1.9490000009536743
46,0.7871,0.4387,0.6178,0.0117,0.8826000094413757,3.6287000179290767
47,0.3613,0.7484,0.8031,0.0193,0.9348000288009644,5.989799976348878
48,0.7484,0.7484,0.8031,0.0118,0.8069000244140625,3.6530001163482666
