anno_index,coord_x,coord_y,coord_z,diameter,malscore,diameter_mm
0,0.6281,0.5041,0.3388,0.0126,0.8672000169754028,6.102000236511231
3,0.6529,0.5537,0.3388,0.0185,0.9491000175476074,8.940199851989746
4,0.6777,0.5537,0.3388,0.0161,0.9225999712944032,7.807199954986572
10,0.3802,0.5289,0.6011,0.0064,0.8296999931335449,3.1003999710083012
11,0.4545,0.3058,0.6667,0.0088,0.8748999834060669,4.254499912261963
15,0.6281,0.6033,0.7978,0.009000000000000001,0.8569999933242798,4.3334999084472665
18,0.6281,0.6033,0.8306,0.0091,0.8154000043869019,4.3927998542785645
