anno_index,coord_x,coord_y,coord_z,diameter,malscore,diameter_mm
3,0.1652,0.4522,0.3247,0.013,0.8528000116348267,5.975100040435791
4,0.1913,0.4522,0.3247,0.0169,0.9778000116348268,7.7922000885009775
5,0.1913,0.4522,0.3636,0.0166,0.9772999882698059,7.645599842071532
6,0.5565,0.713,0.4416,0.0111,0.9413999915122986,5.122900009155273
7,0.5826,0.713,0.4416,0.0102,0.9628000259399414,4.703000068664551
8,0.5565,0.713,0.4805,0.0103,0.9207999706268308,4.73769998550415
9,0.5826,0.713,0.4805,0.011,0.9726999998092652,5.046599864959717
