anno_index,coord_x,coord_y,coord_z,diameter,malscore,diameter_mm
0,0.7444,0.5778,0.6627,0.0081,0.8314999938011169,2.920099973678589
1,0.7778,0.5778,0.6627,0.0078,0.8077999949455261,2.7948999404907227
