anno_index,coord_x,coord_y,coord_z,diameter,malscore,diameter_mm
2,0.2818,0.3364,0.4458,0.0067,0.8087000250816345,2.969899892807007
3,0.3636,0.4182,0.4458,0.0153,0.9315999746322632,6.73769998550415
11,0.3091,0.3636,0.5542,0.0098,0.8123999834060669,4.316599845886231
27,0.3091,0.6091,0.6265,0.011000000000000001,0.823199987411499,4.8362998962402335
32,0.3091,0.6091,0.6627,0.0152,0.9596999883651732,6.7042999267578125
33,0.3909,0.6364,0.6627,0.0069,0.8342000246047974,3.0388998985290527
