anno_index,coord_x,coord_y,coord_z,diameter,malscore,diameter_mm
4,0.5778,0.3778,0.8028,0.0068,0.9041000008583068,2.442500114440918
5,0.6111,0.3778,0.8028,0.0062,0.944599986076355,2.2263998985290527
