anno_index,coord_x,coord_y,coord_z,diameter,malscore,diameter_mm
0,0.8179,0.381,0.3544,0.0089,0.8195000290870667,3.1868000030517583
11,0.7171,0.3137,0.5823,0.019,0.9236999750137328,6.767600059509277
12,0.7171,0.3473,0.5823,0.0141,0.8159000277519226,5.0387001037597665
13,0.7507,0.3473,0.5823,0.0127,0.8076000213623047,4.530399799346924
14,0.3473,0.3137,0.6582,0.0174,0.9456999897956848,6.203999996185303
15,0.2129,0.4146,0.6582,0.0227,0.9387000203132628,8.098299980163574
16,0.2129,0.4482,0.6582,0.0181,0.901199996471405,6.45419979095459
17,0.2129,0.4482,0.6962,0.013000000000000001,0.8179000020027161,4.64330005645752
