anno_index,coord_x,coord_y,coord_z,diameter,malscore,diameter_mm
0,0.6933,0.8133,0.4776,0.0277,0.9710999727249146,8.312299728393555
1,0.6933,0.8533,0.4776,0.0259,0.9175999760627748,7.760300159454348
3,0.6933,0.8133,0.5134,0.025,0.9527000188827516,7.493500232696532
4,0.6933,0.8533,0.5134,0.0213,0.8349000215530396,6.394700050354004
56,0.7333,0.6933,0.8,0.02,0.82669997215271,5.985000133514402
60,0.7333,0.6933,0.8358,0.0289,0.9695000052452089,8.671899795532228
61,0.7733,0.6933,0.8358,0.0216,0.8862000107765198,6.469600200653076
62,0.7333,0.7333,0.8358,0.0244,0.8791999816894531,7.31190013885498
