anno_index,coord_x,coord_y,coord_z,diameter,malscore,diameter_mm
0,0.7909,0.4259,0.6615,0.029,0.973699986934662,7.635200023651122
1,0.7909,0.4715,0.6615,0.0323,0.9781000018119812,8.503700256347656
2,0.7909,0.4259,0.7077,0.0269,0.9606000185012816,7.072000026702881
3,0.7909,0.4715,0.7077,0.0311,0.978600025177002,8.170299530029299
