anno_index,coord_x,coord_y,coord_z,diameter,malscore,diameter_mm
1,0.8,0.4308,0.3556,0.0241,0.9406999945640564,6.253900051116943
2,0.1538,0.3385,0.4698,0.0128,0.8032000064849854,3.3343000411987305
8,0.1538,0.4769,0.5841,0.0114,0.8266000151634216,2.9530999660491943
9,0.1538,0.5231,0.5841,0.0125,0.8213000297546387,3.2504000663757324
12,0.8,0.5231,0.7746,0.0162,0.8514000177383423,4.223299980163573
13,0.5692,0.6154,0.8127,0.0146,0.8151000142097473,3.791300058364868
14,0.6154,0.5231,0.8508,0.014,0.8300999999046326,3.62809991836548
15,0.2462,0.6615,0.8508,0.0259,0.9538999795913696,6.730100154876709
16,0.6154,0.6615,0.8508,0.0288,0.9663000106811525,7.478300094604492
