anno_index,coord_x,coord_y,coord_z,diameter,malscore,diameter_mm
11,0.8205,0.5513,0.3721,0.0027,0.90420001745224,0.8338999748229979
12,0.8205,0.5513,0.41200000000000003,0.0025,0.9228000044822692,0.7828999757766724
