anno_index,coord_x,coord_y,coord_z,diameter,malscore,diameter_mm
4,0.3226,0.3226,0.4774,0.0181,0.8824999928474426,5.6143999099731445
5,0.3226,0.3226,0.5161,0.0253,0.9864000082015992,7.832600116729736
