anno_index,coord_x,coord_y,coord_z,diameter,malscore,diameter_mm
0,0.1806,0.3889,0.6216,0.0238,0.9179999828338624,6.8487000465393075
