anno_index,coord_x,coord_y,coord_z,diameter,malscore,diameter_mm
0,0.8541,0.627,0.4712,0.0161,0.9398000240325928,5.963399887084961
1,0.8541,0.627,0.5,0.0089,0.8680999875068665,3.3101000785827637
