anno_index,coord_x,coord_y,coord_z,diameter,malscore,diameter_mm
7,0.173,0.4649,0.3735,0.0137,0.8603000044822693,5.062600135803223
16,0.3027,0.6595,0.7349,0.0131,0.8579000234603882,4.860899925231934
23,0.2703,0.5946,0.7711,0.0203,0.9472000002861024,7.519700050354004
24,0.2703,0.627,0.7711,0.0174,0.8974000215530396,6.4355998039245605
