anno_index,coord_x,coord_y,coord_z,diameter,malscore,diameter_mm
23,0.2941,0.7176,0.5029,0.0115,0.8840000033378601,3.8996000289916974
27,0.3647,0.5059,0.7485,0.0158,0.8429999947547913,5.366199970245361
30,0.3647,0.5412,0.7836,0.0102,0.8198999762535095,3.4521999359130864
31,0.4,0.6118,0.8187,0.0068,0.8033999800682068,2.296499967575073
32,0.6471,0.6824,0.8538,0.0094,0.8450999855995178,3.2002999782562256
