anno_index,coord_x,coord_y,coord_z,diameter,malscore,diameter_mm
0,0.2235,0.5765,0.6988,0.0183,0.9161999821662904,6.229599952697754
