anno_index,coord_x,coord_y,coord_z,diameter,malscore,diameter_mm
4,0.32,0.8,0.3401,0.0196,0.835099995136261,5.394899845123291
5,0.7127,0.7127,0.381,0.0219,0.9064000248908995,6.01200008392334
6,0.7564,0.7127,0.381,0.0182,0.9157999753952026,5.002299785614014
7,0.7564,0.7127,0.4218,0.0133,0.869700014591217,3.64520001411438
11,0.4073,0.6691,0.4626,0.0287,0.8960000276565552,7.8796000480651855
12,0.4073,0.7127,0.4626,0.0236,0.8210999965667725,6.4808998107910165
18,0.7564,0.7564,0.5034,0.0153,0.8938999772071838,4.209000110626222
