anno_index,coord_x,coord_y,coord_z,diameter,malscore,diameter_mm
22,0.7625,0.35,0.6203,0.0099,0.8715000152587891,3.156899929046632
25,0.2375,0.5375,0.6962,0.0171,0.870199978351593,5.476600170135498
32,0.6875,0.5375,0.7722,0.0247,0.9254000186920166,7.906099796295166
33,0.725,0.5375,0.7722,0.0198,0.949899971485138,6.324299812316895
34,0.6125,0.65,0.7722,0.0123,0.8406000137329102,3.9275999069213854
