anno_index,coord_x,coord_y,coord_z,diameter,malscore,diameter_mm
4,0.7368,0.3895,0.546,0.0125,0.8504999876022339,4.752699851989746
5,0.7368,0.2316,0.5816,0.0171,0.9228000044822692,6.492899894714356
6,0.7684,0.2316,0.5816,0.0173,0.9544000029563904,6.5604000091552725
7,0.8,0.3895,0.6884,0.0161,0.8906999826431274,6.126399993896484
10,0.7368,0.4211,0.8309,0.0154,0.9383999705314636,5.836400032043457
