anno_index,coord_x,coord_y,coord_z,diameter,malscore,diameter_mm
3,0.1379,0.5103,0.4416,0.0244,0.9365000128746032,7.074999809265138
4,0.3034,0.3034,0.5195,0.0176,0.8557000160217285,5.0928001403808585
5,0.2621,0.7586,0.5195,0.0287,0.9570999741554259,8.316100120544434
6,0.2621,0.7586,0.5584,0.0261,0.901799976825714,7.582699775695801
10,0.3448,0.3448,0.7922,0.0237,0.9667999744415284,6.879899978637695
11,0.3448,0.3862,0.7922,0.0278,0.9836000204086304,8.06820011138916
12,0.3448,0.3448,0.8312,0.0112,0.8489000201225281,3.244800090789795
13,0.3448,0.3862,0.8312,0.0163,0.8876000046730042,4.726799964904785
