anno_index,coord_x,coord_y,coord_z,diameter,malscore,diameter_mm
0,0.2303,0.3394,0.4198,0.0169,0.906000018119812,5.58489990234375
1,0.1939,0.703,0.4198,0.009000000000000001,0.8141999840736389,2.9835999011993413
2,0.2303,0.3394,0.4568,0.0196,0.9448000192642212,6.4625000953674325
3,0.1939,0.5212,0.4938,0.0176,0.9373000264167786,5.793300151824951
4,0.1939,0.5939,0.5679,0.0191,0.912500023841858,6.309199810028076
6,0.7394,0.5576,0.679,0.0221,0.9617999792099,7.2828001976013175
8,0.7394,0.5576,0.716,0.0217,0.9614999890327454,7.170300006866455
