anno_index,coord_x,coord_y,coord_z,diameter,malscore,diameter_mm
2,0.6381,0.7809999999999999,0.4658,0.0155,0.835099995136261,6.494999885559082
3,0.6667,0.7809999999999999,0.4658,0.0189,0.8784999847412109,7.9552001953125
7,0.6667,0.6095,0.589,0.0101,0.8626000285148621,4.262199878692627
9,0.3238,0.4095,0.6301,0.0167,0.9818999767303468,6.9973998069763175
10,0.3524,0.4095,0.6301,0.0162,0.9639000296592712,6.8084001541137695
11,0.4381,0.6095,0.6301,0.0235,0.8138999938964844,9.87030029296875
12,0.4381,0.6095,0.6712,0.03,0.9290000200271606,12.61460018157959
