anno_index,coord_x,coord_y,coord_z,diameter,malscore,diameter_mm
4,0.7484,0.4774,0.4722,0.0205,0.9232000112533568,6.367599964141848
9,0.7484,0.4,0.6389,0.0114,0.8062999844551086,3.5197999477386475
10,0.7484,0.4,0.6806,0.0149,0.9718000292778016,4.622000217437744
11,0.7484,0.4387,0.6806,0.0177,0.9610999822616576,5.476600170135498
12,0.7871,0.4774,0.6806,0.026000000000000002,0.9860000014305116,8.072999954223633
