anno_index,coord_x,coord_y,coord_z,diameter,malscore,diameter_mm
1,0.3027,0.4649,0.3049,0.0193,0.9381999969482422,7.13129997253418
11,0.4649,0.5622,0.8171,0.0125,0.8090999722480774,4.6305999755859375
12,0.4649,0.5622,0.8537,0.0147,0.8855000138282776,5.452899932861328
13,0.4324,0.5297,0.8902,0.0152,0.8330000042915344,5.6413002014160165
14,0.4649,0.5297,0.8902,0.0186,0.8792999982833862,6.869200229644775
