anno_index,coord_x,coord_y,coord_z,diameter,malscore,diameter_mm
7,0.3797,0.5424,0.3333,0.0172,0.8791000247001648,5.065000057220459
9,0.339,0.5017,0.3733,0.0156,0.8126999735832214,4.598100185394287
16,0.339,0.6644,0.7733,0.0231,0.9387999773025512,6.8043999671936035
