anno_index,coord_x,coord_y,coord_z,diameter,malscore,diameter_mm
0,0.2133,0.6933,0.34600000000000003,0.0233,0.9530000090599059,6.975900173187256
1,0.1733,0.5333,0.3875,0.0155,0.9009000062942504,4.661799907684326
7,0.7733,0.5733,0.5121,0.0175,0.8659999966621399,5.236999988555908
10,0.3733,0.3333,0.6782,0.0167,0.8561000227928162,5.000699996948242
11,0.3733,0.6133,0.6782,0.0145,0.8748999834060669,4.361400127410889
12,0.3733,0.6533,0.6782,0.0121,0.8589000105857849,3.636100053787232
