anno_index,coord_x,coord_y,coord_z,diameter,malscore,diameter_mm
0,0.5732,0.2741,0.3577,0.0174,0.911199986934662,5.584799766540527
7,0.7975,0.5732,0.6016,0.022,0.8948000073432922,7.055200099945068
9,0.7227,0.648,0.7967,0.0122,0.8625000119209291,3.9321000576019287
11,0.7227,0.6106,0.8455,0.0142,0.9531000256538392,4.572999954223633
16,0.2741,0.5732,0.8943,0.0089,0.8416000008583069,2.8691999912261963
