anno_index,coord_x,coord_y,coord_z,diameter,malscore,diameter_mm
0,0.2933,0.6533,0.6389,0.0134,0.8427000045776367,4.0237998962402335
