anno_index,coord_x,coord_y,coord_z,diameter,malscore,diameter_mm
0,0.2681,0.3003,0.4161,0.012,0.880299985408783,4.462600231170653
