anno_index,coord_x,coord_y,coord_z,diameter,malscore,diameter_mm
12,0.2,0.3875,0.3415,0.0187,0.8876000046730042,5.9902000427246085
15,0.275,0.5,0.4146,0.0265,0.949899971485138,8.477999687194824
16,0.3125,0.5,0.4146,0.024,0.9323999881744384,7.681000232696532
28,0.2375,0.6875,0.7073,0.0193,0.901300013065338,6.169099807739258
30,0.8,0.4625,0.7439,0.0127,0.8489999771118164,4.055900096893311
36,0.2375,0.5375,0.8171,0.0266,0.9767000079154968,8.515399932861326
