anno_index,coord_x,coord_y,coord_z,diameter,malscore,diameter_mm
4,0.2635,0.4431,0.4263,0.0142,0.8468000292778015,4.73420000076294
5,0.7305,0.515,0.6144,0.0226,0.9679999947547911,7.542799949645996
6,0.7665,0.515,0.6144,0.0156,0.9470999836921692,5.2027997970581055
7,0.2994,0.4072,0.6897,0.0126,0.8003000020980835,4.1961002349853525
