anno_index,coord_x,coord_y,coord_z,diameter,malscore,diameter_mm
4,0.2651,0.2651,0.3448,0.0218,0.9700999855995178,7.224699974060059
5,0.3012,0.2651,0.3448,0.0226,0.9843999743461608,7.491300106048584
6,0.8072,0.3735,0.469,0.0147,0.8921999931335449,4.8643999099731445
7,0.3012,0.3012,0.5517,0.0086,0.8116999864578247,2.86299991607666
8,0.6988,0.5181,0.5931,0.0161,0.8754000067710876,5.3454999923706055
9,0.7349,0.5181,0.5931,0.0114,0.8867999911308289,3.7730000019073486
