anno_index,coord_x,coord_y,coord_z,diameter,malscore,diameter_mm
0,0.31,0.4,0.5375,0.0128,0.9186999797821044,5.108099937438965
1,0.67,0.73,0.6125,0.0142,0.9075000286102296,5.668499946594237
