anno_index,coord_x,coord_y,coord_z,diameter,malscore,diameter_mm
7,0.2,0.3875,0.4845,0.0152,0.8777999877929688,4.850500106811523
8,0.2,0.425,0.4845,0.0226,0.9402999877929688,7.218400001525879
9,0.2,0.425,0.5183,0.0226,0.9664999842643738,7.2434000968933105
