anno_index,coord_x,coord_y,coord_z,diameter,malscore,diameter_mm
7,0.7190000000000001,0.366,0.6255,0.0155,0.8618000149726868,4.730199813842773
8,0.7190000000000001,0.4052,0.6255,0.0248,0.9699000120162964,7.600299835205077
9,0.7190000000000001,0.4052,0.6691,0.0215,0.9362999796867372,6.5664000511169425
