anno_index,coord_x,coord_y,coord_z,diameter,malscore,diameter_mm
14,0.2111,0.4778,0.6753,0.0164,0.8937000036239624,5.921000003814697
15,0.2111,0.4778,0.7143,0.0152,0.9250000119209292,5.485199928283691
