anno_index,coord_x,coord_y,coord_z,diameter,malscore,diameter_mm
4,0.2111,0.5778,0.4938,0.0145,0.8611000180244446,5.217100143432617
5,0.2444,0.5778,0.4938,0.0184,0.9545999765396118,6.611000061035156
6,0.2444,0.6111,0.4938,0.0179,0.9642999768257141,6.4359002113342285
7,0.2444,0.5778,0.5309,0.0151,0.9412999749183656,5.442299842834473
8,0.2444,0.6111,0.5309,0.0174,0.9731000065803528,6.276999950408936
9,0.3444,0.5444,0.8272,0.0226,0.9668999910354614,8.129899978637695
