anno_index,coord_x,coord_y,coord_z,diameter,malscore,diameter_mm
0,0.8464,0.3246,0.2708,0.0197,0.9308000206947328,6.807799816131593
1,0.8464,0.3246,0.3077,0.0176,0.8827999830245972,6.076600074768066
2,0.3594,0.3594,0.3815,0.0163,0.8723999857902527,5.638500213623048
3,0.3594,0.2899,0.5292,0.012,0.8647999763488771,4.126699924468993
4,0.3942,0.2899,0.5292,0.0095,0.8288999795913696,3.28439998626709
5,0.2203,0.5681,0.7508,0.0134,0.8410999774932861,4.619800090789795
6,0.3594,0.429,0.8246,0.0161,0.8205000162124634,5.570899963378906
7,0.3594,0.4638,0.8246,0.0173,0.8959000110626221,5.9791998863220215
