anno_index,coord_x,coord_y,coord_z,diameter,malscore,diameter_mm
3,0.8187,0.4678,0.6577,0.0114,0.8249999880790709,3.907900094985962
