anno_index,coord_x,coord_y,coord_z,diameter,malscore,diameter_mm
5,0.7273,0.5016,0.4744,0.0211,0.9510999917984008,6.727399826049805
6,0.7273,0.5016,0.5128,0.0168,0.9282000064849854,5.367499828338623
7,0.2382,0.5392,0.5513,0.0115,0.843500018119812,3.671299934387207
8,0.6897,0.5392,0.5513,0.016,0.8385000228881836,5.106800079345703
9,0.7273,0.5392,0.5513,0.0209,0.9541000127792358,6.659599781036378
