anno_index,coord_x,coord_y,coord_z,diameter,malscore,diameter_mm
4,0.7882,0.3294,0.3899,0.0212,0.9670000076293944,7.1921000480651855
5,0.8235,0.3294,0.3899,0.0128,0.8557999730110168,4.342700004577637
8,0.7882,0.3294,0.4277,0.0168,0.9300000071525574,5.720699787139893
22,0.7176,0.4,0.5786,0.0133,0.8995000123977661,4.520899772644043
23,0.7529,0.4,0.5786,0.0192,0.9765999913215636,6.5296998023986825
24,0.7529,0.4,0.6164,0.0173,0.9648000001907348,5.889200210571289
