anno_index,coord_x,coord_y,coord_z,diameter,malscore,diameter_mm
1,0.65,0.65,0.7402,0.0072,0.8076000213623047,2.2883999347686768
