anno_index,coord_x,coord_y,coord_z,diameter,malscore,diameter_mm
9,0.6111,0.7444,0.4291,0.0212,0.9276000261306764,7.645599842071532
10,0.3111,0.4778,0.4751,0.0142,0.8422999978065491,5.118800163269043
11,0.3444,0.4778,0.4751,0.0172,0.9369000196456908,6.19189977645874
22,0.2444,0.4778,0.613,0.0167,0.9085999727249146,6.006999969482423
52,0.7444,0.6111,0.7969,0.0175,0.9621999859809875,6.31279993057251
53,0.7778,0.6111,0.7969,0.0086,0.8151999711990356,3.0883998870849614
