anno_index,coord_x,coord_y,coord_z,diameter,malscore,diameter_mm
15,0.4,0.3294,0.3511,0.0099,0.879800021648407,3.354700088500977
16,0.3294,0.5059,0.3511,0.0245,0.95770001411438,8.340800285339355
17,0.3294,0.5412,0.3511,0.0191,0.8023999929428101,6.505899906158447
