anno_index,coord_x,coord_y,coord_z,diameter,malscore,diameter_mm
5,0.3304,0.472,0.4625,0.0115,0.8389999866485596,3.9131999015808105
15,0.7198,0.6844,0.8,0.0226,0.9605000019073486,7.65369987487793
16,0.7198,0.7198,0.8,0.0144,0.8648999929428101,4.8850998878479
17,0.7198,0.6844,0.8375,0.0175,0.8851000070571899,5.920400142669678
