anno_index,coord_x,coord_y,coord_z,diameter,malscore,diameter_mm
10,0.2286,0.7,0.4966,0.0225,0.9499999880790708,6.293600082397461
11,0.2286,0.7,0.5369,0.0212,0.9711999893188475,5.938399791717527
14,0.7857,0.6571,0.6174,0.0145,0.8331000208854675,4.072800159454347
15,0.3143,0.8714,0.6174,0.0279,0.9333000183105468,7.800000190734862
16,0.7429,0.6143,0.6577,0.0202,0.9139000177383424,5.6459999084472665
17,0.7429,0.6571,0.6577,0.0186,0.8349000215530396,5.198500156402588
18,0.7429,0.6143,0.698,0.0249,0.9567999839782716,6.985300064086914
19,0.7429,0.6571,0.698,0.0251,0.9401999711990356,7.015500068664551
