anno_index,coord_x,coord_y,coord_z,diameter,malscore,diameter_mm
9,0.3778,0.4111,0.7436,0.0195,0.9514999985694884,7.012700080871582
