anno_index,coord_x,coord_y,coord_z,diameter,malscore,diameter_mm
8,0.2444,0.4111,0.4627,0.0156,0.8424000144004822,5.611100196838379
