anno_index,coord_x,coord_y,coord_z,diameter,malscore,diameter_mm
5,0.2639,0.5805,0.5441,0.0163,0.9247999787330629,6.163400173187256
18,0.6755,0.4538,0.7647,0.018000000000000002,0.944599986076355,6.833700180053711
