anno_index,coord_x,coord_y,coord_z,diameter,malscore,diameter_mm
9,0.2111,0.5444,0.4943,0.0148,0.8303999900817871,5.313499927520752
10,0.1778,0.5444,0.5287,0.0193,0.9821000099182128,6.9506001472473145
11,0.2111,0.5444,0.5287,0.0202,0.9897000193595886,7.26170015335083
12,0.2444,0.5444,0.5287,0.0184,0.9884999990463256,6.623199939727782
13,0.1778,0.5778,0.5287,0.0235,0.9847000241279602,8.442500114440918
14,0.2111,0.5778,0.5287,0.0135,0.9297000169754028,4.877699851989746
15,0.2444,0.5778,0.5287,0.0135,0.9296000003814696,4.868599891662598
16,0.7111,0.3444,0.6322,0.0109,0.9214000105857848,3.9361999034881587
17,0.7778,0.4778,0.7356,0.0147,0.915499985218048,5.296999931335449
