anno_index,coord_x,coord_y,coord_z,diameter,malscore,diameter_mm
10,0.6271,0.2712,0.6996,0.0243,0.8806999921798706,5.738399982452393
