anno_index,coord_x,coord_y,coord_z,diameter,malscore,diameter_mm
0,0.28,0.34,0.1625,0.01,0.817799985408783,4.0065999031066895
1,0.28,0.34,0.2,0.0107,0.8536999821662903,4.26170015335083
4,0.34,0.4,0.4625,0.0097,0.842199981212616,3.880000114440918
