anno_index,coord_x,coord_y,coord_z,diameter,malscore,diameter_mm
2,0.7394,0.5576,0.5263,0.0156,0.930899977684021,5.158599853515625
3,0.7394,0.5939,0.5263,0.0166,0.9348999857902528,5.464600086212158
4,0.7394,0.5576,0.5658,0.0149,0.9441999793052672,4.929500102996826
5,0.7394,0.5939,0.5658,0.0171,0.9660000205039978,5.652900218963622
7,0.2303,0.4848,0.7237,0.0096,0.8129000067710876,3.1695001125335693
