anno_index,coord_x,coord_y,coord_z,diameter,malscore,diameter_mm
0,0.1625,0.65,0.35,0.0259,0.9731000065803528,8.28279972076416
1,0.275,0.3875,0.3875,0.0234,0.9664000272750854,7.492400169372559
2,0.3125,0.3875,0.3875,0.0217,0.9724000096321106,6.940599918365479
3,0.3125,0.3875,0.425,0.0186,0.8206999897956848,5.939000129699707
4,0.2,0.425,0.4625,0.019,0.9312999844551086,6.083700180053711
5,0.8,0.575,0.65,0.0118,0.8396000266075134,3.7718000411987305
6,0.35,0.425,0.725,0.023,0.9452000260353088,7.35699987411499
7,0.3875,0.425,0.725,0.0227,0.9731000065803528,7.258500099182129
