anno_index,coord_x,coord_y,coord_z,diameter,malscore,diameter_mm
11,0.3778,0.6778,0.3701,0.0133,0.8669999837875366,4.791100025177002
19,0.7778,0.3778,0.4418,0.0138,0.8838000297546387,4.961100101470947
20,0.7778,0.4111,0.4418,0.0183,0.9448000192642212,6.59089994430542
39,0.2778,0.6778,0.6925,0.0144,0.9327999949455258,5.1996002197265625
40,0.2778,0.6778,0.7284,0.0135,0.9355000257492064,4.865699768066406
