anno_index,coord_x,coord_y,coord_z,diameter,malscore,diameter_mm
9,0.76,0.37,0.4379,0.0147,0.92330002784729,5.883299827575684
10,0.28,0.55,0.4379,0.0145,0.8988999724388123,5.810999870300293
