anno_index,coord_x,coord_y,coord_z,diameter,malscore,diameter_mm
4,0.4211,0.3579,0.6265,0.012,0.8080999851226807,4.575300216674805
6,0.3579,0.3895,0.6265,0.0171,0.9559999704360962,6.507999897003174
7,0.3263,0.4211,0.6265,0.0111,0.8170999884605408,4.207699775695802
8,0.3579,0.4211,0.6265,0.0181,0.961300015449524,6.862800121307372
9,0.7053,0.6421,0.6265,0.0172,0.9236000180244446,6.519499778747559
10,0.6737,0.6421,0.6627,0.0127,0.8668000102043152,4.825699806213379
11,0.7053,0.6421,0.6627,0.0175,0.9485999941825868,6.634200096130371
12,0.6737,0.6421,0.6988,0.0117,0.8467000126838684,4.42710018157959
