anno_index,coord_x,coord_y,coord_z,diameter,malscore,diameter_mm
0,0.2933,0.4133,0.7534,0.0193,0.9564999938011168,5.789299964904785
1,0.2933,0.4533,0.7534,0.0257,0.9882000088691713,7.723599910736084
