anno_index,coord_x,coord_y,coord_z,diameter,malscore,diameter_mm
4,0.7532,0.4805,0.6962,0.0203,0.9366999864578248,6.254300117492676
5,0.7532,0.5195,0.6962,0.026000000000000002,0.9660000205039978,8.00409984588623
6,0.2468,0.4416,0.7342,0.0211,0.9297999739646912,6.506499767303468
7,0.7532,0.5195,0.7342,0.0207,0.9401000142097472,6.3815999031066895
