anno_index,coord_x,coord_y,coord_z,diameter,malscore,diameter_mm
6,0.2801,0.5489999999999999,0.4969,0.0183,0.9503999948501588,6.520899772644043
7,0.3137,0.5489999999999999,0.4969,0.0139,0.9035999774932858,4.9552001953125
8,0.3137,0.7507,0.5342,0.0187,0.9366000294685364,6.6631999015808105
9,0.2465,0.3473,0.5714,0.0237,0.9886000156402588,8.466099739074707
10,0.3137,0.7507,0.5714,0.0123,0.8736000061035156,4.4085001945495605
11,0.2465,0.3473,0.6087,0.0214,0.9745000004768372,7.622000217437744
12,0.2465,0.7171,0.7205,0.0204,0.9509000182151794,7.293799877166747
