anno_index,coord_x,coord_y,coord_z,diameter,malscore,diameter_mm
7,0.7625,0.575,0.5786,0.0129,0.8809000253677368,4.116600036621094
10,0.275,0.5375,0.6541,0.0187,0.9570999741554259,5.9909000396728525
11,0.3125,0.5375,0.6541,0.0116,0.8208000063896179,3.708100080490112
12,0.275,0.575,0.6541,0.0172,0.9492999911308287,5.5167999267578125
13,0.3125,0.575,0.6541,0.0107,0.8165000081062317,3.4296000003814697
44,0.425,0.5,0.805,0.0143,0.8669999837875366,4.58050012588501
49,0.6875,0.575,0.8428,0.0158,0.8712999820709229,5.069699764251709
