anno_index,coord_x,coord_y,coord_z,diameter,malscore,diameter_mm
12,0.3226,0.3613,0.5333,0.0147,0.8730999827384949,4.569399833679199
