anno_index,coord_x,coord_y,coord_z,diameter,malscore,diameter_mm
7,0.2119,0.4106,0.6113,0.0106,0.9248999953269958,3.192500114440918
9,0.7682,0.4106,0.6512,0.018000000000000002,0.9247999787330629,5.445799827575684
10,0.7682,0.4503,0.6512,0.0124,0.8098000288009644,3.757600069046022
