anno_index,coord_x,coord_y,coord_z,diameter,malscore,diameter_mm
8,0.2133,0.6533,0.4024,0.031,0.9697999954223632,9.312600135803224
11,0.2133,0.6533,0.4379,0.0242,0.9423999786376952,7.254199981689452
13,0.2133,0.5733,0.6154,0.0182,0.8888999819755554,5.464399814605713
14,0.8133,0.5733,0.6154,0.0157,0.9179999828338624,4.7230000495910645
15,0.7333,0.6933,0.6154,0.0149,0.8227999806404114,4.474800109863281
16,0.2133,0.5733,0.6509,0.0165,0.8794999718666077,4.954699993133545
17,0.6933,0.6933,0.6509,0.023,0.9304999709129332,6.9060001373291025
18,0.6933,0.7333,0.6509,0.0239,0.9175000190734864,7.1599998474121085
