anno_index,coord_x,coord_y,coord_z,diameter,malscore,diameter_mm
0,0.1246,0.3489,0.2286,0.0054,0.8501999974250793,1.7482999563217163
5,0.2368,0.4237,0.2714,0.0145,0.8913999795913696,4.6427998542785645
9,0.6106,0.3863,0.6143,0.0101,0.8073999881744385,3.248800039291382
12,0.3863,0.5358,0.8286,0.0199,0.9154000282287598,6.379499912261963
13,0.4237,0.5358,0.8286,0.0144,0.8503000140190125,4.60890007019043
14,0.6106,0.5732,0.8714,0.0198,0.8615000247955322,6.358799934387207
