anno_index,coord_x,coord_y,coord_z,diameter,malscore,diameter_mm
1,0.8235,0.3294,0.3478,0.0169,0.9135000109672546,5.761099815368652
2,0.8235,0.3294,0.3851,0.0161,0.9434000253677368,5.46649980545044
3,0.8235,0.3647,0.4596,0.0155,0.932200014591217,5.270899772644043
4,0.8235,0.4,0.4596,0.0218,0.9882000088691713,7.410999774932861
5,0.8235,0.4353,0.4596,0.0252,0.9688000082969666,8.579999923706055
9,0.8235,0.4,0.4969,0.0221,0.9768999814987184,7.5015997886657715
10,0.8235,0.4353,0.4969,0.0234,0.9758999943733216,7.972400188446045
31,0.7529,0.3294,0.6832,0.0244,0.9811000227928162,8.285400390625
32,0.7882,0.3294,0.6832,0.0204,0.9776999950408936,6.945300102233888
