anno_index,coord_x,coord_y,coord_z,diameter,malscore,diameter_mm
14,0.3115,0.6106,0.4662,0.0118,0.8361999988555908,3.800100088119507
15,0.3115,0.648,0.4662,0.0162,0.8884000182151794,5.2150001525878915
16,0.3115,0.6106,0.5113,0.0195,0.9571999907493592,6.268899917602539
17,0.3115,0.648,0.5113,0.0249,0.9803000092506408,7.986800193786621
18,0.3489,0.648,0.5113,0.0208,0.9726999998092652,6.663300037384032
27,0.6854,0.6106,0.8271,0.0182,0.9014000296592712,5.831699848175049
28,0.7227,0.6106,0.8271,0.0133,0.8639000058174133,4.269000053405762
