anno_index,coord_x,coord_y,coord_z,diameter,malscore,diameter_mm
1,0.7444,0.4111,0.3012,0.0108,0.8748000264167786,3.876100063323975
2,0.7778,0.4111,0.3012,0.0134,0.9341999888420104,4.819300174713135
6,0.3111,0.5778,0.7711,0.013,0.8245999813079834,4.685200214385986
7,0.3111,0.5778,0.8072,0.0124,0.8490999937057495,4.476200103759767
