anno_index,coord_x,coord_y,coord_z,diameter,malscore,diameter_mm
5,0.2235,0.4353,0.3849,0.0184,0.9399999976158142,6.270899772644043
7,0.2588,0.7176,0.5086,0.0112,0.901799976825714,3.8243999481201167
8,0.6824,0.7529,0.5911,0.0197,0.9276000261306764,6.693600177764893
10,0.6824,0.7529,0.6323,0.0135,0.8475000262260437,4.592100143432617
17,0.7882,0.5059,0.7148,0.0121,0.8270000219345093,4.1126999855041495
28,0.2235,0.5765,0.7973,0.0149,0.9387999773025512,5.0725998878479
