anno_index,coord_x,coord_y,coord_z,diameter,malscore,diameter_mm
0,0.2444,0.3778,0.5396,0.0173,0.9445000290870668,6.22760009765625
1,0.2444,0.4111,0.5396,0.0135,0.8945000171661377,4.849599838256836
