anno_index,coord_x,coord_y,coord_z,diameter,malscore,diameter_mm
0,0.7882,0.5765,0.2246,0.0208,0.9193000197410583,7.0782999992370605
1,0.8235,0.5765,0.2246,0.0194,0.9283999800682068,6.603600025177003
2,0.7882,0.5765,0.2667,0.0205,0.9096000194549559,6.972099781036378
3,0.8235,0.5765,0.2667,0.0153,0.8593999743461609,5.1859002113342285
4,0.7882,0.6118,0.2667,0.0195,0.9193000197410583,6.6458001136779785
5,0.8235,0.4706,0.3509,0.0138,0.8813999891281128,4.7083001136779785
6,0.3647,0.2941,0.4351,0.0196,0.9585999846458436,6.675099849700928
