anno_index,coord_x,coord_y,coord_z,diameter,malscore,diameter_mm
9,0.64,0.43,0.8072,0.018000000000000002,0.9442999958992004,7.195199966430664
10,0.67,0.43,0.8072,0.0181,0.9527000188827516,7.2427000999450675
11,0.64,0.46,0.8072,0.0166,0.9283999800682068,6.654200077056885
12,0.67,0.46,0.8072,0.0183,0.9430000185966492,7.324100017547607
