anno_index,coord_x,coord_y,coord_z,diameter,malscore,diameter_mm
4,0.3175,0.3556,0.6031,0.018000000000000002,0.9126999974250792,5.668600082397461
