anno_index,coord_x,coord_y,coord_z,diameter,malscore,diameter_mm
0,0.3333,0.2533,0.3276,0.0273,0.9700000286102296,8.196800231933594
1,0.3733,0.2533,0.3276,0.0224,0.9350000023841858,6.729800224304199
2,0.3333,0.2933,0.3276,0.0179,0.8227000236511229,5.367899894714356
3,0.3733,0.2933,0.3276,0.0164,0.8467000126838684,4.926599979400635
20,0.6933,0.6533,0.6379,0.0238,0.9495999813079834,7.12939977645874
21,0.7333,0.6533,0.6379,0.0174,0.9305999875068665,5.232600212097168
