anno_index,coord_x,coord_y,coord_z,diameter,malscore,diameter_mm
0,0.2444,0.5111,0.4819,0.0257,0.9053000211715698,9.25629997253418
1,0.2444,0.5444,0.4819,0.0323,0.9379000067710876,11.641799926757812
2,0.2444,0.5111,0.5181,0.0265,0.9463000297546388,9.530200004577637
3,0.2444,0.5444,0.5181,0.031,0.9753000140190125,11.157999992370604
4,0.3444,0.5778,0.5181,0.0226,0.8364999890327454,8.150300025939941
7,0.2444,0.5111,0.6265,0.0186,0.9549000263214112,6.689099788665772
