anno_index,coord_x,coord_y,coord_z,diameter,malscore,diameter_mm
3,0.7809999999999999,0.4095,0.3128,0.0144,0.8722000122070312,6.036399841308594
12,0.3238,0.5238,0.4804,0.0158,0.8436999917030334,6.615600109100343
17,0.7524,0.5524,0.514,0.0153,0.9399999976158142,6.4071998596191415
23,0.2381,0.581,0.581,0.0153,0.9523000121116638,6.421299934387207
24,0.2667,0.581,0.581,0.0126,0.9319999814033508,5.295400142669678
25,0.2381,0.581,0.6145,0.0094,0.8783000111579895,3.938999891281128
26,0.2667,0.581,0.6145,0.009000000000000001,0.8682000041007996,3.7788999080657963
