anno_index,coord_x,coord_y,coord_z,diameter,malscore,diameter_mm
0,0.159,0.5994,0.2754,0.0042,0.8051999807357788,1.3602999448776243
1,0.6728,0.7095,0.3188,0.0167,0.9217000007629396,5.444799900054932
2,0.6728,0.7462,0.3188,0.0163,0.9495999813079834,5.341899871826172
3,0.6728,0.7095,0.3623,0.0127,0.8903999924659729,4.15399980545044
4,0.6728,0.7462,0.3623,0.0144,0.9340999722480774,4.700399875640869
8,0.7829,0.5994,0.4493,0.0214,0.9781000018119812,6.983399868011475
12,0.3058,0.5627,0.5362,0.0104,0.842199981212616,3.392199993133545
