anno_index,coord_x,coord_y,coord_z,diameter,malscore,diameter_mm
2,0.65,0.575,0.255,0.0178,0.8465999960899353,5.682499885559082
3,0.6875,0.575,0.255,0.0196,0.91430002450943,6.286099910736084
6,0.2375,0.65,0.4161,0.0126,0.8805000185966492,4.021100044250488
7,0.275,0.65,0.4161,0.0105,0.8675000071525574,3.3631999492645264
8,0.2375,0.6875,0.4161,0.0161,0.9434000253677368,5.1599998474121085
9,0.275,0.6875,0.4161,0.0149,0.9556000232696532,4.765100002288818
10,0.2375,0.6875,0.4564,0.0079,0.8198999762535095,2.5439000129699707
