anno_index,coord_x,coord_y,coord_z,diameter,malscore,diameter_mm
2,0.2778,0.4778,0.5736,0.0153,0.9143999814987184,5.496699810028076
3,0.2778,0.3778,0.6202,0.0138,0.8668000102043152,4.985400199890137
4,0.2778,0.4778,0.6202,0.0154,0.9143999814987184,5.532299995422363
5,0.2778,0.3778,0.6667,0.0163,0.9528999924659728,5.873300075531006
7,0.2778,0.5444,0.7597,0.0155,0.9236999750137328,5.583199977874756
18,0.6111,0.6444,0.8527,0.0138,0.8719000220298767,4.982100009918213
19,0.6111,0.6778,0.8527,0.0206,0.9272000193595886,7.4012999534606925
