anno_index,coord_x,coord_y,coord_z,diameter,malscore,diameter_mm
3,0.3444,0.4111,0.5542,0.0146,0.8330000042915344,5.260300159454347
4,0.3444,0.4111,0.5904,0.0201,0.9484000205993652,7.2361998558044425
5,0.2778,0.4778,0.6988,0.0105,0.849399983882904,3.7969999313354488
6,0.2778,0.5111,0.6988,0.0212,0.982699990272522,7.628799915313723
