anno_index,coord_x,coord_y,coord_z,diameter,malscore,diameter_mm
4,0.2904,0.3747,0.5246,0.0128,0.8452000021934509,5.456399917602539
5,0.3185,0.3747,0.5246,0.0155,0.9703999757766724,6.597899913787843
25,0.74,0.4871,0.6426,0.0187,0.9707000255584716,7.987199783325195
26,0.7681,0.4871,0.6426,0.0161,0.9657999873161316,6.854300022125244
31,0.74,0.4871,0.682,0.0184,0.9812999963760376,7.858500003814697
