anno_index,coord_x,coord_y,coord_z,diameter,malscore,diameter_mm
4,0.3333,0.3733,0.4147,0.0177,0.8776000142097473,5.299600124359131
5,0.3333,0.4133,0.4147,0.0177,0.8621000051498413,5.313199996948242
6,0.3333,0.3733,0.4548,0.0227,0.9542999863624572,6.819900035858152
7,0.3333,0.4133,0.4548,0.0227,0.9757999777793884,6.804900169372559
9,0.7733,0.4133,0.495,0.0125,0.8450000286102295,3.7616999149322514
10,0.1733,0.5333,0.495,0.0188,0.8335999846458435,5.630199909210205
11,0.1733,0.5733,0.495,0.0274,0.9383999705314636,8.219900131225586
12,0.1733,0.5733,0.5351,0.0241,0.8684999942779541,7.2297000885009775
