anno_index,coord_x,coord_y,coord_z,diameter,malscore,diameter_mm
15,0.3696,0.3043,0.5591,0.0188,0.9283999800682068,6.9141998291015625
22,0.3696,0.3043,0.5914,0.0132,0.9171000123023988,4.87470006942749
23,0.3696,0.337,0.5914,0.0138,0.9096999764442444,5.091100215911865
24,0.337,0.3696,0.5914,0.0192,0.9617999792099,7.079899787902832
25,0.3696,0.3696,0.5914,0.016,0.9456999897956848,5.8927998542785645
30,0.2717,0.4348,0.6237,0.0033,0.9585000276565552,1.1979000568389893
33,0.3043,0.337,0.6559,0.0131,0.8938000202178955,4.814599990844727
34,0.337,0.337,0.6559,0.0176,0.968500018119812,6.492800235748291
35,0.2717,0.4348,0.6559,0.0027,0.9883999824523926,1.0084999799728394
