anno_index,coord_x,coord_y,coord_z,diameter,malscore,diameter_mm
13,0.381,0.6095,0.6988,0.0244,0.8646000027656555,10.246600151062012
22,0.381,0.6381,0.8434,0.0149,0.9047999978065492,6.247600078582764
