anno_index,coord_x,coord_y,coord_z,diameter,malscore,diameter_mm
0,0.6875,0.725,0.2699,0.0257,0.8312000036239624,8.223600387573242
1,0.6875,0.725,0.3067,0.0254,0.8561000227928162,8.121500015258789
8,0.3125,0.3875,0.3804,0.0239,0.9771000146865844,7.6624999046325675
12,0.3125,0.3875,0.4172,0.024,0.9783999919891356,7.69320011138916
