anno_index,coord_x,coord_y,coord_z,diameter,malscore,diameter_mm
0,0.8111,0.4444,0.5316,0.0099,0.8468000292778015,3.5710999965667725
1,0.3778,0.6778,0.6512,0.0218,0.9810000061988832,7.855400085449219
2,0.3778,0.6778,0.691,0.0146,0.9391999840736388,5.2729997634887695
