anno_index,coord_x,coord_y,coord_z,diameter,malscore,diameter_mm
4,0.6421,0.6737,0.5369,0.0183,0.9580000042915344,6.9475998878479
5,0.6737,0.6737,0.5369,0.0203,0.975600004196167,7.707200050354004
6,0.6421,0.7053,0.5369,0.0166,0.8878999948501587,6.3204002380371085
7,0.6737,0.7053,0.5369,0.0165,0.9194999933242798,6.267399787902832
8,0.6421,0.6737,0.5772,0.0165,0.9175000190734864,6.261000156402588
9,0.6737,0.6737,0.5772,0.0181,0.9336000084877014,6.885900020599365
10,0.6421,0.7053,0.5772,0.0159,0.9067000150680542,6.0426998138427725
11,0.6737,0.7053,0.5772,0.0151,0.9082000255584716,5.734799861907959
