anno_index,coord_x,coord_y,coord_z,diameter,malscore,diameter_mm
48,0.7484,0.5161,0.8594,0.01,0.8424999713897705,3.096299886703491
49,0.7484,0.5548,0.8594,0.0115,0.8637999892234802,3.561300039291382
50,0.7097,0.5161,0.9062,0.012,0.92330002784729,3.724299907684326
51,0.6709999999999999,0.5548,0.9062,0.0124,0.8550999760627747,3.834700107574463
53,0.6709999999999999,0.5935,0.9062,0.012,0.9035000205039978,3.7163999080657963
