anno_index,coord_x,coord_y,coord_z,diameter,malscore,diameter_mm
2,0.1939,0.5939,0.5405,0.0183,0.8927000164985657,6.046800136566162
3,0.1939,0.6303,0.5405,0.0171,0.8263000249862671,5.6331000328063965
4,0.303,0.5576,0.6216,0.0136,0.8133999705314636,4.476200103759767
7,0.3394,0.4121,0.7838,0.0158,0.9437999725341796,5.228499889373778
8,0.3394,0.4121,0.8243,0.0145,0.9401000142097472,4.791200160980225
