anno_index,coord_x,coord_y,coord_z,diameter,malscore,diameter_mm
3,0.3444,0.6778,0.7922,0.018000000000000002,0.9329000115394592,6.49399995803833
4,0.4111,0.5778,0.9091,0.0209,0.9539999961853028,7.532899856567383
