anno_index,coord_x,coord_y,coord_z,diameter,malscore,diameter_mm
1,0.6091,0.3364,0.5542,0.0137,0.9275000095367432,6.041900157928468
9,0.6636,0.3909,0.5904,0.006999999999999999,0.8342000246047974,3.0739998817443848
13,0.2818,0.5818,0.5904,0.0179,0.9743000268936156,7.86269998550415
19,0.6364,0.3909,0.6265,0.013,0.9247000217437744,5.719200134277344
33,0.2545,0.5273,0.7711,0.0112,0.8816999793052673,4.932199954986572
