anno_index,coord_x,coord_y,coord_z,diameter,malscore,diameter_mm
0,0.2319,0.7971,0.4175,0.0202,0.8557999730110168,5.566400051116943
1,0.2319,0.7971,0.4579,0.0095,0.8069999814033508,2.6142001152038574
