anno_index,coord_x,coord_y,coord_z,diameter,malscore,diameter_mm
13,0.31,0.34,0.5479,0.0103,0.8105000257492065,4.1086997985839835
18,0.31,0.34,0.589,0.006999999999999999,0.8027999997138977,2.7978999614715576
