anno_index,coord_x,coord_y,coord_z,diameter,malscore,diameter_mm
0,0.2904,0.8053,0.4837,0.0131,0.8270999789237976,3.978600025177002
1,0.2904,0.6073,0.5621,0.0099,0.8277000188827515,3.013000011444092
2,0.33,0.7657,0.6797,0.0208,0.9710999727249146,6.310200214385986
