anno_index,coord_x,coord_y,coord_z,diameter,malscore,diameter_mm
4,0.2025,0.3165,0.3672,0.0244,0.9599000215530396,7.7104997634887695
