anno_index,coord_x,coord_y,coord_z,diameter,malscore,diameter_mm
0,0.8025,0.3887,0.4387,0.0132,0.8244000077247621,4.208099842071533
1,0.7649,0.4263,0.4774,0.0093,0.8507999777793884,2.9702999591827406
