anno_index,coord_x,coord_y,coord_z,diameter,malscore,diameter_mm
2,0.735,0.311,0.4917,0.0214,0.942300021648407,6.067299842834473
3,0.735,0.3534,0.4917,0.0267,0.9807999730110168,7.559700012207031
4,0.735,0.3534,0.5316,0.0258,0.9627000093460084,7.303699970245361
