anno_index,coord_x,coord_y,coord_z,diameter,malscore,diameter_mm
7,0.2794,0.5079,0.6033,0.0251,0.973200023174286,7.920100212097168
8,0.2794,0.6603,0.7607,0.0225,0.968999981880188,7.076600074768066
9,0.2794,0.6984,0.7607,0.0177,0.8787000179290771,5.561200141906738
10,0.6984,0.5079,0.8,0.0248,0.9523000121116638,7.796500205993652
11,0.7365,0.5079,0.8,0.0221,0.9502000212669371,6.954500198364258
12,0.6984,0.5079,0.8393,0.0136,0.8356000185012817,4.2881999015808105
13,0.6603,0.546,0.8393,0.0201,0.9212999939918518,6.343800067901611
14,0.6984,0.546,0.8393,0.021,0.955299973487854,6.619500160217285
