anno_index,coord_x,coord_y,coord_z,diameter,malscore,diameter_mm
14,0.2765,0.6321,0.6133,0.0165,0.9293000102043152,6.678500175476074
23,0.2765,0.6321,0.6533,0.0204,0.9659000039100648,8.260299682617188
24,0.3062,0.6321,0.6533,0.0155,0.9010000228881836,6.296800136566162
65,0.6025,0.6617,0.8533,0.0024,0.8999999761581421,0.9751999974250792
