anno_index,coord_x,coord_y,coord_z,diameter,malscore,diameter_mm
38,0.5412,0.7176,0.4458,0.0189,0.8278999924659729,6.420000076293945
55,0.7529,0.4706,0.6265,0.0113,0.8252999782562256,3.845099925994873
