anno_index,coord_x,coord_y,coord_z,diameter,malscore,diameter_mm
0,0.7586,0.5103,0.2933,0.0032,0.8989999890327454,0.9228000044822692
1,0.7586,0.5517,0.2933,0.0033,0.8898000121116638,0.944100022315979
2,0.7586,0.5103,0.3333,0.0029,0.8907999992370605,0.8414999842643738
3,0.7586,0.5517,0.3333,0.0031,0.9014000296592712,0.9036999940872192
30,0.8,0.5103,0.7333,0.0036,0.9180999994277954,1.0405999422073364
43,0.3448,0.5931,0.8933,0.0032,0.959999978542328,0.9305999875068665
