anno_index,coord_x,coord_y,coord_z,diameter,malscore,diameter_mm
0,0.8,0.5375,0.3028,0.0175,0.8938000202178955,5.588699817657472
2,0.7625,0.5375,0.494,0.0175,0.8963000178337097,5.586599826812744
3,0.8,0.5375,0.494,0.0125,0.8533999919891357,3.9907000064849862
4,0.7625,0.575,0.494,0.0245,0.9678000211715698,7.8435001373291025
5,0.8,0.575,0.494,0.0165,0.9071999788284302,5.286200046539307
