anno_index,coord_x,coord_y,coord_z,diameter,malscore,diameter_mm
2,0.3394,0.703,0.6187,0.0249,0.9666000008583068,8.22350025177002
3,0.3758,0.703,0.6187,0.0146,0.8440999984741211,4.807199954986572
