anno_index,coord_x,coord_y,coord_z,diameter,malscore,diameter_mm
6,0.3579,0.4211,0.3759,0.0205,0.9453999996185304,7.793799877166747
20,0.5789,0.6105,0.8271,0.012,0.8853999972343445,4.555399894714356
