anno_index,coord_x,coord_y,coord_z,diameter,malscore,diameter_mm
3,0.2597,0.6026,0.5576,0.0115,0.8500999808311462,4.411300182342528
4,0.2909,0.3844,0.703,0.0142,0.90829998254776,5.451200008392334
5,0.7584,0.4468,0.703,0.0152,0.9289000034332277,5.867700099945068
6,0.6338,0.6649,0.7394,0.0125,0.8198999762535095,4.811999797821045
