anno_index,coord_x,coord_y,coord_z,diameter,malscore,diameter_mm
0,0.8,0.4229,0.2953,0.0227,0.972000002861023,7.940700054168701
1,0.7657,0.4229,0.3356,0.015,0.8960000276565552,5.265900135040283
2,0.8,0.4229,0.3356,0.0221,0.9882000088691713,7.722799777984619
6,0.32,0.5943,0.698,0.0194,0.9542000293731692,6.7743000984191895
