anno_index,coord_x,coord_y,coord_z,diameter,malscore,diameter_mm
0,0.3656,0.3656,0.3613,0.0115,0.8411999940872192,4.2768001556396475
1,0.7527,0.3333,0.4774,0.0158,0.9075000286102296,5.859700202941895
2,0.2043,0.5914,0.5161,0.0142,0.8744000196456909,5.2916998863220215
4,0.3011,0.3011,0.5548,0.0113,0.8526999950408936,4.206299781799316
5,0.7527,0.5269,0.5548,0.0156,0.9117000102996826,5.797800064086914
6,0.7527,0.5269,0.5935,0.0175,0.960099995136261,6.506100177764893
