anno_index,coord_x,coord_y,coord_z,diameter,malscore,diameter_mm
0,0.841,0.5641,0.28300000000000003,0.0198,0.9817000031471252,7.738399982452393
1,0.7795,0.6256,0.28300000000000003,0.0114,0.8413000106811523,4.465199947357178
2,0.8103,0.6256,0.28300000000000003,0.0124,0.8971999883651733,4.854300022125244
3,0.6564,0.5333,0.3215,0.0126,0.8805999755859375,4.900899887084961
4,0.6872,0.5333,0.3215,0.0124,0.8878999948501587,4.852000236511231
