anno_index,coord_x,coord_y,coord_z,diameter,malscore,diameter_mm
0,0.2971,0.3289,0.5714,0.0142,0.8641999959945679,5.370100021362305
1,0.3289,0.3289,0.5714,0.0122,0.8557000160217285,4.594900131225586
2,0.2971,0.3289,0.6026,0.0212,0.9951000213623048,7.988100051879883
3,0.3289,0.3289,0.6026,0.0196,0.9939000010490416,7.39709997177124
