anno_index,coord_x,coord_y,coord_z,diameter,malscore,diameter_mm
5,0.2952,0.4667,0.5882,0.0166,0.962000012397766,6.951200008392334
