anno_index,coord_x,coord_y,coord_z,diameter,malscore,diameter_mm
0,0.3111,0.7111,0.4819,0.0124,0.8730000257492065,4.46019983291626
