anno_index,coord_x,coord_y,coord_z,diameter,malscore,diameter_mm
16,0.6489,0.5689,0.6705,0.0157,0.9721999764442444,7.0782999992370605
17,0.6756,0.5689,0.6705,0.0145,0.9749000072479248,6.536499977111816
