anno_index,coord_x,coord_y,coord_z,diameter,malscore,diameter_mm
13,0.7111,0.6111,0.6265,0.0231,0.9753999710083008,8.310500144958496
14,0.7444,0.6111,0.6265,0.0189,0.9726999998092652,6.8034000396728525
15,0.7111,0.6111,0.6627,0.0183,0.973699986934662,6.584199905395508
16,0.7444,0.6111,0.6627,0.0147,0.9549000263214112,5.288000106811523
