anno_index,coord_x,coord_y,coord_z,diameter,malscore,diameter_mm
9,0.6778,0.3778,0.7482,0.018000000000000002,0.9176999926567078,6.474899768829348
