anno_index,coord_x,coord_y,coord_z,diameter,malscore,diameter_mm
19,0.7155,0.5396,0.4429,0.0219,0.9016000032424928,7.456099987030027
20,0.7507,0.5396,0.4429,0.0207,0.9319999814033508,7.071599960327148
21,0.7507,0.5396,0.4857,0.0164,0.9139000177383424,5.577000141143799
