anno_index,coord_x,coord_y,coord_z,diameter,malscore,diameter_mm
0,0.6667,0.6282,0.359,0.0152,0.8220999836921692,4.731900215148926
1,0.6667,0.6667,0.359,0.0262,0.9639000296592712,8.188799858093263
2,0.6667,0.6282,0.3974,0.0215,0.9253000020980836,6.7133002281188965
3,0.6667,0.6667,0.3974,0.027999999999999997,0.9840999841690063,8.727999687194824
6,0.2821,0.3974,0.6667,0.0173,0.8730000257492065,5.397500038146973
