anno_index,coord_x,coord_y,coord_z,diameter,malscore,diameter_mm
1,0.5946,0.6919,0.3784,0.0152,0.9176999926567078,5.634500026702881
3,0.2378,0.4973,0.6622,0.0173,0.9549999833106996,6.386600017547607
4,0.2378,0.5297,0.6622,0.0167,0.9487000107765198,6.178599834442139
5,0.2378,0.627,0.6622,0.01,0.8137000203132629,3.71560001373291
6,0.2703,0.627,0.6622,0.0183,0.9442999958992004,6.763500213623048
7,0.2703,0.5946,0.7027,0.0151,0.9391000270843506,5.571700096130371
8,0.2703,0.627,0.7027,0.0187,0.963100016117096,6.905099868774414
10,0.3027,0.627,0.7432,0.0153,0.9569000005722046,5.670400142669678
