anno_index,coord_x,coord_y,coord_z,diameter,malscore,diameter_mm
4,0.7971,0.5362,0.5075,0.0217,0.8977000117301941,5.992599964141848
6,0.7971,0.5797,0.5075,0.0242,0.9362000226974488,6.678500175476074
