anno_index,coord_x,coord_y,coord_z,diameter,malscore,diameter_mm
8,0.2077,0.5355,0.3333,0.0199,0.9589999914169312,7.2999000549316415
