anno_index,coord_x,coord_y,coord_z,diameter,malscore,diameter_mm
0,0.6111,0.5111,0.3924,0.0019,0.8707000017166138,0.6690999865531921
