anno_index,coord_x,coord_y,coord_z,diameter,malscore,diameter_mm
15,0.3364,0.4182,0.4224,0.011,0.8963999748229979,4.823999881744385
21,0.3364,0.4182,0.4596,0.0103,0.9078999757766724,4.545700073242188
