anno_index,coord_x,coord_y,coord_z,diameter,malscore,diameter_mm
1,0.093,0.2924,0.3247,0.0328,0.9241999983787536,9.880399703979492
2,0.093,0.2924,0.3636,0.0288,0.921999990940094,8.668000221252441
