anno_index,coord_x,coord_y,coord_z,diameter,malscore,diameter_mm
0,0.76,0.58,0.3522,0.0148,0.8772000074386597,5.925000190734862
1,0.76,0.61,0.3522,0.0126,0.8510000109672546,5.031700134277344
2,0.73,0.52,0.5409,0.0183,0.9589999914169312,7.3165998458862305
3,0.73,0.55,0.5409,0.0185,0.9710000157356262,7.4095001220703125
4,0.25,0.46,0.5786,0.0133,0.8701000213623047,5.331699848175049
5,0.73,0.52,0.5786,0.0162,0.9380000233650208,6.468100070953369
6,0.28,0.55,0.5786,0.0184,0.9743000268936156,7.366600036621094
7,0.73,0.55,0.5786,0.0188,0.9803000092506408,7.50439977645874
8,0.28,0.58,0.5786,0.0112,0.8665000200271606,4.464600086212158
