anno_index,coord_x,coord_y,coord_z,diameter,malscore,diameter_mm
15,0.8485,0.4121,0.5493,0.0143,0.8891000151634216,4.733399868011475
19,0.7758,0.4121,0.6925,0.0096,0.8165000081062317,3.1821999549865723
24,0.303,0.5939,0.8358,0.0211,0.9103999733924866,6.962800025939941
25,0.2303,0.5212,0.8716,0.0184,0.8998000025749207,6.084700107574463
26,0.2303,0.5576,0.8716,0.0199,0.9259999990463256,6.569399833679199
