anno_index,coord_x,coord_y,coord_z,diameter,malscore,diameter_mm
9,0.2,0.65,0.4638,0.022,0.9753000140190125,7.02869987487793
10,0.2,0.6875,0.4638,0.0193,0.9287999868392944,6.165200233459473
11,0.275,0.5375,0.5681,0.0109,0.8280000090599059,3.4721999168396
12,0.7625,0.5,0.6029,0.0131,0.8754000067710876,4.1988000869750985
13,0.275,0.5375,0.6029,0.0105,0.8274999856948853,3.3466999530792236
14,0.2,0.6125,0.6377,0.0175,0.9054999947547911,5.595399856567383
15,0.65,0.65,0.742,0.0248,0.9674000144004822,7.929299831390381
16,0.65,0.65,0.7768,0.0206,0.9610000252723694,6.600599765777588
