anno_index,coord_x,coord_y,coord_z,diameter,malscore,diameter_mm
10,0.2533,0.7333,0.6041,0.0127,0.8409000039100647,3.797499895095825
13,0.2533,0.6933,0.7509999999999999,0.0152,0.8450999855995178,4.558000087738037
19,0.7333,0.6133,0.8490000000000001,0.0328,0.8980000019073486,9.828499794006348
20,0.7733,0.6133,0.8490000000000001,0.032,0.866100013256073,9.597800254821776
