anno_index,coord_x,coord_y,coord_z,diameter,malscore,diameter_mm
8,0.73,0.4,0.255,0.0206,0.8666999936103821,8.233499526977539
9,0.73,0.4,0.2953,0.0273,0.9635000228881836,10.90820026397705
10,0.73,0.55,0.2953,0.0139,0.8984000086784363,5.559199810028076
11,0.37,0.34,0.3356,0.0025,0.9462000131607056,0.9835000038146972
12,0.64,0.37,0.4564,0.0111,0.8113999962806702,4.422399997711182
19,0.52,0.52,0.8188,0.0025,0.8946999907493591,1.0126999616622925
