anno_index,coord_x,coord_y,coord_z,diameter,malscore,diameter_mm
5,0.2778,0.4111,0.546,0.0112,0.8608999848365784,4.035799980163573
