anno_index,coord_x,coord_y,coord_z,diameter,malscore,diameter_mm
14,0.2839,0.5935,0.8505,0.0221,0.9509000182151794,6.8547000885009775
15,0.2839,0.6323,0.8505,0.0156,0.8125,4.84499979019165
