anno_index,coord_x,coord_y,coord_z,diameter,malscore,diameter_mm
0,0.2744,0.6643,0.4304,0.0171,0.8805000185966492,4.744500160217285
1,0.8375,0.3177,0.5063,0.0254,0.9810000061988832,7.024400234222412
2,0.3177,0.7076,0.5063,0.0269,0.9731000065803528,7.462200164794923
3,0.3177,0.7509,0.5063,0.0259,0.9391999840736388,7.179599761962893
4,0.3177,0.7076,0.5443,0.0262,0.980400025844574,7.251200199127197
5,0.3177,0.7509,0.5443,0.0301,0.9767000079154968,8.349100112915039
