anno_index,coord_x,coord_y,coord_z,diameter,malscore,diameter_mm
7,0.2947,0.4526,0.3049,0.0088,0.8209999799728394,3.336899995803833
9,0.2947,0.4526,0.3415,0.009000000000000001,0.8572999835014343,3.4275999069213867
