anno_index,coord_x,coord_y,coord_z,diameter,malscore,diameter_mm
0,0.7111,0.5111,0.2874,0.0108,0.8040999770164491,3.875
1,0.2111,0.5111,0.3218,0.013000000000000001,0.9538999795913696,4.696899890899658
2,0.2111,0.5444,0.3218,0.008,0.8090999722480774,2.8868000507354736
3,0.1778,0.3778,0.3908,0.0156,0.883899986743927,5.6234002113342285
4,0.2778,0.7111,0.3908,0.0147,0.8809999823570251,5.287000179290772
5,0.2778,0.7111,0.4253,0.0117,0.8278999924659729,4.2027997970581055
