anno_index,coord_x,coord_y,coord_z,diameter,malscore,diameter_mm
16,0.3895,0.3895,0.3626,0.0168,0.9053000211715698,6.391600131988525
17,0.4211,0.5474,0.3626,0.0205,0.8823999762535095,7.786300182342527
19,0.2632,0.5474,0.5731,0.0148,0.9584000110626221,5.62470006942749
20,0.2632,0.5474,0.6082,0.0112,0.9175000190734864,4.265100002288818
24,0.4211,0.5158,0.924,0.0272,0.930299997329712,10.31999969482422
