anno_index,coord_x,coord_y,coord_z,diameter,malscore,diameter_mm
0,0.746,0.3601,0.0933,0.024,0.8863000273704529,7.470499992370605
