anno_index,coord_x,coord_y,coord_z,diameter,malscore,diameter_mm
0,0.1444,0.5444,0.2159,0.0123,0.8292999863624573,4.421800136566162
1,0.1444,0.5444,0.2841,0.0155,0.8633999824523926,5.56879997253418
4,0.1778,0.4444,0.3864,0.011000000000000001,0.8794999718666077,3.953700065612793
5,0.7444,0.3444,0.4205,0.0156,0.8945000171661377,5.6118998527526855
6,0.7778,0.4111,0.4886,0.0132,0.8883000016212463,4.748799800872803
7,0.2111,0.5111,0.5227,0.0099,0.8436999917030334,3.580300092697144
8,0.6111,0.3778,0.625,0.013000000000000001,0.857200026512146,4.689899921417236
9,0.3111,0.3778,0.6932,0.0124,0.8565000295639038,4.472400188446045
10,0.2111,0.5444,0.7614,0.0119,0.8840000033378601,4.291399955749512
