anno_index,coord_x,coord_y,coord_z,diameter,malscore,diameter_mm
1,0.16,0.37,0.4751,0.0188,0.9532999992370604,7.502699851989746
2,0.16,0.37,0.5083,0.0124,0.8866000175476074,4.941299915313722
3,0.16,0.37,0.5414,0.0112,0.843500018119812,4.494999885559082
4,0.16,0.4,0.5414,0.019,0.9616000056266784,7.588500022888184
5,0.76,0.4,0.5746,0.0148,0.9200999736785888,5.915200233459473
6,0.79,0.4,0.5746,0.015,0.9570000171661376,6.015200138092041
7,0.76,0.4,0.6077,0.0172,0.965499997138977,6.883299827575684
8,0.79,0.4,0.6077,0.0132,0.9273999929428101,5.287799835205078
