anno_index,coord_x,coord_y,coord_z,diameter,malscore,diameter_mm
0,0.79,0.4,0.3314,0.0164,0.9488000273704528,6.542300224304199
1,0.79,0.43,0.3669,0.0108,0.8733999729156494,4.3359999656677255
7,0.64,0.67,0.4379,0.011000000000000001,0.8460999727249146,4.4071998596191415
18,0.67,0.34,0.5799,0.0122,0.873199999332428,4.866700172424316
19,0.61,0.37,0.7929,0.0092,0.85589998960495,3.675100088119507
