anno_index,coord_x,coord_y,coord_z,diameter,malscore,diameter_mm
2,0.7733,0.5733,0.5786,0.0218,0.9434000253677368,6.546500205993652
3,0.8133,0.5733,0.5786,0.0177,0.9337000250816344,5.31440019607544
4,0.7733,0.5733,0.6164,0.0198,0.9271000027656556,5.927499771118164
5,0.8133,0.5733,0.6164,0.0142,0.9045000076293944,4.25600004196167
