anno_index,coord_x,coord_y,coord_z,diameter,malscore,diameter_mm
1,0.2925,0.4623,0.4413,0.0138,0.9000999927520752,5.845900058746338
