anno_index,coord_x,coord_y,coord_z,diameter,malscore,diameter_mm
6,0.4498,0.3769,0.3226,0.0079,0.8579999804496765,2.611999988555908
15,0.7781,0.5593,0.9032,0.0081,0.8568999767303467,2.664299964904785
16,0.7781,0.5957,0.9032,0.0083,0.8511999845504761,2.732300043106079
17,0.7052,0.6687,0.9419,0.0089,0.8095999956130981,2.920399904251098
