anno_index,coord_x,coord_y,coord_z,diameter,malscore,diameter_mm
1,0.6877,0.1825,0.0498,0.038,0.9717000126838684,10.84220027923584
2,0.7298,0.1825,0.0498,0.0488,0.9898999929428101,13.89449977874756
4,0.6877,0.2246,0.0498,0.0385,0.9567000269889832,10.978899955749512
5,0.7298,0.2246,0.0498,0.0471,0.9772999882698059,13.410099983215332
36,0.6877,0.6877,0.7601,0.0044,0.948300004005432,1.2604999542236328
37,0.6877,0.7298,0.7601,0.0043,0.8952999711036682,1.227300047874451
44,0.6877,0.6877,0.7975,0.0032,0.9451000094413756,0.901099979877472
45,0.6877,0.7298,0.7975,0.0046,0.9495999813079834,1.3020000457763672
