anno_index,coord_x,coord_y,coord_z,diameter,malscore,diameter_mm
0,0.7778,0.4111,0.1605,0.0216,0.8019000291824341,7.776000022888184
3,0.6111,0.6111,0.8272,0.0153,0.9114999771118164,5.49399995803833
