anno_index,coord_x,coord_y,coord_z,diameter,malscore,diameter_mm
0,0.1529,0.4353,0.5714,0.0113,0.8866000175476074,3.849299907684326
1,0.1882,0.4353,0.5714,0.0123,0.9388999938964844,4.183199882507323
2,0.1529,0.4706,0.5714,0.0164,0.9549000263214112,5.5746002197265625
3,0.1882,0.4706,0.5714,0.0105,0.8804000020027161,3.5703999996185303
8,0.4,0.6118,0.6832,0.0409,0.8603000044822693,13.902000427246096
13,0.2941,0.4706,0.7205,0.0177,0.8942999839782715,6.004799842834473
14,0.2941,0.4706,0.7578,0.0234,0.930299997329712,7.9577999114990225
