anno_index,coord_x,coord_y,coord_z,diameter,malscore,diameter_mm
0,0.2764,0.4073,0.61,0.004,0.8112999796867371,1.1052000522613523
1,0.2764,0.4509,0.61,0.0081,0.9433000087738036,2.2186999320983887
