anno_index,coord_x,coord_y,coord_z,diameter,malscore,diameter_mm
6,0.1778,0.5778,0.6744,0.015,0.8598999977111816,5.398399829864502
7,0.2111,0.5778,0.6744,0.0193,0.9491999745368958,6.939199924468994
8,0.3778,0.5778,0.6744,0.0182,0.9139000177383424,6.5527000427246085
9,0.3444,0.6111,0.7093,0.0163,0.9459999799728394,5.877099990844728
10,0.3111,0.4111,0.7791,0.0074,0.8083999752998352,2.6684000492095947
11,0.4444,0.5778,0.7791,0.0149,0.9186999797821044,5.346199989318848
12,0.6444,0.5444,0.8140000000000001,0.0184,0.9480000138282776,6.62060022354126
13,0.6444,0.5778,0.8140000000000001,0.016,0.8924999833106995,5.768799781799316
