anno_index,coord_x,coord_y,coord_z,diameter,malscore,diameter_mm
5,0.3849,0.3024,0.7284,0.0186,0.8920000195503235,5.400400161743164
6,0.3849,0.3436,0.7284,0.0259,0.917900025844574,7.52370023727417
7,0.3849,0.3436,0.7642,0.0217,0.9021000266075134,6.306300163269043
