anno_index,coord_x,coord_y,coord_z,diameter,malscore,diameter_mm
9,0.2708,0.5662,0.5977,0.0162,0.8009999990463257,5.256899833679199
12,0.2708,0.5662,0.6322,0.0163,0.8450999855995178,5.3043999671936035
