anno_index,coord_x,coord_y,coord_z,diameter,malscore,diameter_mm
0,0.6667,0.6667,0.3951,0.0104,0.8263000249862671,3.438499927520752
4,0.6667,0.6667,0.5136,0.0165,0.901300013065338,5.428999900817871
6,0.1576,0.1939,0.5432,0.0188,0.9081000089645386,6.214000225067139
14,0.4848,0.4848,0.8395,0.0251,0.9690999984741212,8.289899826049805
15,0.5212,0.4848,0.8395,0.0159,0.8636999726295471,5.248899936676025
24,0.4848,0.4848,0.8691,0.0227,0.9298999905586244,7.480999946594237
