anno_index,coord_x,coord_y,coord_z,diameter,malscore,diameter_mm
4,0.32,0.2857,0.2924,0.0101,0.8184999823570251,3.550100088119507
19,0.2171,0.4914,0.4917,0.0178,0.9641000032424928,6.234399795532228
21,0.2171,0.4914,0.5316,0.0151,0.9272999763488772,5.298799991607666
25,0.2857,0.4229,0.6512,0.0185,0.9663000106811525,6.464300155639648
26,0.6286,0.3886,0.691,0.0247,0.9753000140190125,8.632200241088867
27,0.6629,0.3886,0.691,0.0205,0.9684000015258788,7.1880998611450195
28,0.6286,0.3886,0.7309,0.023,0.9585999846458436,8.054599761962889
29,0.6629,0.3886,0.7309,0.0161,0.9307000041007996,5.622300148010254
