anno_index,coord_x,coord_y,coord_z,diameter,malscore,diameter_mm
0,0.1333,0.4133,0.1711,0.0049,0.8741999864578247,1.465399980545044
1,0.1333,0.4533,0.1711,0.0032,0.8741000294685364,0.9603999853134156
