anno_index,coord_x,coord_y,coord_z,diameter,malscore,diameter_mm
9,0.4029,0.3597,0.6629,0.0246,0.9262999892234802,6.845099925994872
