anno_index,coord_x,coord_y,coord_z,diameter,malscore,diameter_mm
0,0.2375,0.2375,0.2657,0.0169,0.8774999976158142,5.402100086212158
1,0.2375,0.275,0.2657,0.0209,0.9526000022888184,6.703199863433838
4,0.2375,0.275,0.3077,0.0186,0.9189000129699708,5.948800086975098
8,0.65,0.5375,0.8951,0.0201,0.9366000294685364,6.441100120544434
