anno_index,coord_x,coord_y,coord_z,diameter,malscore,diameter_mm
0,0.32,0.608,0.5475,0.0213,0.9751999974250792,10.64680004119873
1,0.32,0.632,0.5475,0.0143,0.8769999742507935,7.162899971008301
2,0.344,0.68,0.5475,0.0154,0.965499997138977,7.699900150299072
4,0.56,0.46399999999999997,0.7486,0.0016,0.9028000235557556,0.8179000020027161
5,0.584,0.46399999999999997,0.7486,0.0013,0.8223000168800354,0.6262000203132629
6,0.56,0.488,0.7486,0.0018,0.9114999771118164,0.8810999989509583
7,0.584,0.488,0.7486,0.0018,0.913699984550476,0.8878999948501587
