anno_index,coord_x,coord_y,coord_z,diameter,malscore,diameter_mm
5,0.3448,0.5931,0.784,0.0316,0.8324000239372253,9.165200233459473
