anno_index,coord_x,coord_y,coord_z,diameter,malscore,diameter_mm
32,0.8121,0.5576,0.5513,0.0149,0.9057999849319458,4.930600166320801
33,0.2667,0.6667,0.5513,0.0179,0.8916000127792358,5.891499996185303
34,0.303,0.6667,0.5513,0.0153,0.8345000147819519,5.061699867248535
35,0.2667,0.6667,0.5897,0.0196,0.904699981212616,6.45389986038208
36,0.303,0.6667,0.5897,0.0182,0.8996000289916992,6.018099784851074
37,0.303,0.4485,0.7821,0.0123,0.8402000069618225,4.0508999824523935
38,0.3394,0.4485,0.7821,0.0168,0.913100004196167,5.552199840545653
39,0.303,0.5576,0.8205,0.0156,0.8485999703407288,5.139500141143799
