anno_index,coord_x,coord_y,coord_z,diameter,malscore,diameter_mm
3,0.2381,0.2952,0.3977,0.0138,0.8917000293731691,5.8018999099731445
4,0.2667,0.2952,0.3977,0.0125,0.8957999944686891,5.242899894714356
5,0.2381,0.3238,0.3977,0.0174,0.9650999903678894,7.312900066375732
6,0.2667,0.3238,0.3977,0.017,0.9768999814987184,7.143199920654298
16,0.4095,0.381,0.6784,0.006999999999999999,0.8087999820709229,2.955399990081787
17,0.4095,0.6095,0.6784,0.0123,0.8718000054359436,5.149799823760986
18,0.4095,0.4095,0.7135,0.0085,0.8418999910354614,3.556999921798706
