anno_index,coord_x,coord_y,coord_z,diameter,malscore,diameter_mm
3,0.3584,0.289,0.4118,0.0142,0.8863000273704529,4.905099868774414
4,0.7399,0.6012,0.5441,0.0157,0.9419000148773192,5.448100090026856
5,0.2197,0.6705,0.5441,0.0226,0.9621999859809875,7.805699825286865
6,0.2197,0.7052,0.5441,0.0154,0.8317000269889832,5.3354997634887695
8,0.2197,0.6705,0.5882,0.0179,0.9287999868392944,6.179599761962893
