anno_index,coord_x,coord_y,coord_z,diameter,malscore,diameter_mm
4,0.7586,0.5931,0.6154,0.0027,0.9103999733924866,0.7858999967575073
