anno_index,coord_x,coord_y,coord_z,diameter,malscore,diameter_mm
6,0.8375,0.5,0.5181,0.0199,0.9329000115394592,6.3822999000549325
7,0.8375,0.5,0.5542,0.0179,0.9351999759674072,5.724899768829348
10,0.35,0.425,0.6627,0.0135,0.8561999797821045,4.33050012588501
11,0.6875,0.3875,0.6988,0.0128,0.8131999969482422,4.111100196838379
