anno_index,coord_x,coord_y,coord_z,diameter,malscore,diameter_mm
24,0.3125,0.3875,0.6154,0.0154,0.8269000053405762,4.923600196838379
29,0.3125,0.3875,0.6615,0.021,0.9275000095367432,6.734600067138673
