anno_index,coord_x,coord_y,coord_z,diameter,malscore,diameter_mm
0,0.8614,0.5074,0.3448,0.0129,0.8389999866485596,4.379499912261963
9,0.295,0.7552,0.5103,0.0162,0.8705999851226807,5.504799842834473
10,0.2596,0.6844,0.5931,0.0209,0.9498000144958496,7.096499919891357
11,0.2596,0.6844,0.6345,0.0136,0.8791000247001648,4.61329984664917
12,0.3304,0.5782,0.8,0.0162,0.8496000170707703,5.484700202941895
