anno_index,coord_x,coord_y,coord_z,diameter,malscore,diameter_mm
0,0.2027,0.5227,0.5699,0.0163,0.9045000076293944,6.125100135803223
1,0.2027,0.5227,0.6027,0.0209,0.9781000018119812,7.854100227355957
2,0.2347,0.5227,0.6027,0.0201,0.9825000166893004,7.542699813842771
3,0.2667,0.5227,0.6027,0.0214,0.9846000075340272,8.038200378417969
4,0.2027,0.5547,0.6027,0.0183,0.949899971485138,6.8586997985839835
5,0.2347,0.5547,0.6027,0.0101,0.8858000040054321,3.782700061798096
6,0.2347,0.5227,0.6356,0.0225,0.9768999814987184,8.454899787902832
7,0.2667,0.5227,0.6356,0.0205,0.9835000038146972,7.704299926757812
8,0.3307,0.6507,0.7014,0.017,0.959500014781952,6.365799903869629
