anno_index,coord_x,coord_y,coord_z,diameter,malscore,diameter_mm
2,0.3111,0.5778,0.3415,0.0122,0.9233999848365784,4.399899959564209
3,0.3444,0.5778,0.3415,0.0157,0.9598000049591064,5.65910005569458
5,0.3111,0.5778,0.37799999999999995,0.008,0.8011999726295471,2.8691000938415527
15,0.2111,0.5444,0.6707,0.0161,0.9329000115394592,5.81309986114502
16,0.3111,0.6444,0.6707,0.0125,0.8395000100135803,4.5100998878479
24,0.2111,0.5444,0.7073,0.0193,0.9526000022888184,6.954400062561035
40,0.7444,0.6111,0.8537,0.0077,0.8496000170707703,2.767899990081787
49,0.7444,0.5444,0.8902,0.0099,0.8517000079154968,3.5638000965118413
