anno_index,coord_x,coord_y,coord_z,diameter,malscore,diameter_mm
55,0.161,0.3839,0.2933,0.0179,0.8145999908447266,5.783299922943115
56,0.1981,0.3839,0.2933,0.0234,0.9480999708175659,7.551599979400635
58,0.161,0.4211,0.2933,0.0207,0.8140000104904175,6.682300090789795
59,0.1981,0.4211,0.2933,0.0203,0.8586999773979187,6.558700084686277
63,0.2353,0.5325,0.4933,0.0133,0.9304999709129332,4.307799816131592
64,0.2724,0.5325,0.4933,0.0096,0.8443999886512756,3.104599952697754
68,0.7926,0.4954,0.6933,0.0055,0.8388000130653381,1.7740999460220337
71,0.7926,0.4954,0.7333,0.0122,0.9071999788284302,3.9249000549316406
72,0.7926,0.5325,0.7333,0.0091,0.8733999729156494,2.933500051498413
