anno_index,coord_x,coord_y,coord_z,diameter,malscore,diameter_mm
19,0.3289,0.6489,0.7507,0.0125,0.8604000210762024,5.611400127410889
