anno_index,coord_x,coord_y,coord_z,diameter,malscore,diameter_mm
18,0.2679,0.4115,0.6345,0.0119,0.8738999962806702,4.964700222015381
19,0.2967,0.4115,0.6345,0.0141,0.9296000003814696,5.886600017547607
20,0.2679,0.4402,0.6345,0.018000000000000002,0.9682999849319458,7.528299808502197
21,0.2967,0.4402,0.6345,0.0164,0.954800009727478,6.875400066375732
22,0.2967,0.4115,0.6759,0.0127,0.9301999807357788,5.293099880218506
23,0.2967,0.4402,0.6759,0.0145,0.9714999794960022,6.071800231933594
24,0.5263,0.3828,0.7172,0.0015,0.8036999702453613,0.6460000276565552
