anno_index,coord_x,coord_y,coord_z,diameter,malscore,diameter_mm
20,0.7778,0.6111,0.5316,0.0116,0.8137999773025513,4.175099849700929
21,0.3111,0.7444,0.5316,0.014,0.8759999871253967,5.052299976348877
23,0.3778,0.5778,0.6512,0.0147,0.8801000118255615,5.275599956512451
24,0.3778,0.6111,0.6512,0.0218,0.9652000069618224,7.84089994430542
28,0.6778,0.6444,0.691,0.023,0.9592999815940856,8.27180004119873
29,0.7111,0.6444,0.691,0.02,0.9509999752044678,7.21619987487793
39,0.7111,0.5444,0.8106,0.0148,0.8788999915122986,5.326000213623047
