anno_index,coord_x,coord_y,coord_z,diameter,malscore,diameter_mm
0,0.2452,0.3613,0.5714,0.0126,0.8456000089645386,3.912100076675415
1,0.7871,0.3226,0.6087,0.0121,0.8403999805450441,3.763999938964844
2,0.7484,0.4,0.6832,0.0246,0.9369000196456908,7.627699851989746
3,0.2452,0.4,0.7205,0.0171,0.8880000114440918,5.305500030517578
4,0.7484,0.4,0.7205,0.0153,0.8082000017166138,4.73199987411499
