anno_index,coord_x,coord_y,coord_z,diameter,malscore,diameter_mm
0,0.3294,0.7529,0.366,0.0235,0.9427000284194946,7.974199771881103
1,0.2588,0.5412,0.5229,0.0171,0.942300021648407,5.804800033569336
2,0.3647,0.6824,0.5229,0.0219,0.9445000290870668,7.438499927520753
3,0.3647,0.7176,0.5229,0.0211,0.9290000200271606,7.180099964141848
4,0.2588,0.5412,0.5621,0.0189,0.9847999811172484,6.415999889373777
5,0.3647,0.6824,0.5621,0.0237,0.946399986743927,8.051600456237793
6,0.3647,0.7176,0.5621,0.0199,0.904699981212616,6.780700206756593
