anno_index,coord_x,coord_y,coord_z,diameter,malscore,diameter_mm
2,0.6533,0.4533,0.8349,0.019,0.9520000219345092,5.695499897003174
3,0.8133,0.4533,0.8349,0.0122,0.8840000033378601,3.6640000343322754
4,0.6533,0.4933,0.8349,0.0189,0.9800999760627748,5.6711997985839835
5,0.8133,0.4933,0.8349,0.009000000000000001,0.8492000102996826,2.704699993133545
8,0.6533,0.4933,0.8723,0.0164,0.9747999906539916,4.9258999824523935
