anno_index,coord_x,coord_y,coord_z,diameter,malscore,diameter_mm
5,0.3111,0.2778,0.4627,0.0173,0.9057000279426576,6.238900184631348
