anno_index,coord_x,coord_y,coord_z,diameter,malscore,diameter_mm
3,0.2778,0.3111,0.4558,0.0229,0.9731000065803528,8.253800392150879
4,0.2778,0.3444,0.4558,0.0161,0.882099986076355,5.795499801635742
5,0.6444,0.3778,0.49,0.0151,0.8788999915122986,5.438799858093262
6,0.6111,0.6778,0.49,0.0214,0.9634000062942504,7.721499919891357
7,0.6444,0.6778,0.49,0.0174,0.9437000155448914,6.279300212860107
8,0.6111,0.6778,0.5242,0.012,0.8968999981880188,4.309000015258788
