anno_index,coord_x,coord_y,coord_z,diameter,malscore,diameter_mm
9,0.3111,0.5778,0.6667,0.0124,0.8355000019073486,4.4816999435424805
19,0.7111,0.6444,0.7701,0.0083,0.805899977684021,3.001499891281128
