anno_index,coord_x,coord_y,coord_z,diameter,malscore,diameter_mm
11,0.6933,0.5333,0.9209999999999999,0.0251,0.8925999999046326,7.543700218200684
