anno_index,coord_x,coord_y,coord_z,diameter,malscore,diameter_mm
9,0.3778,0.6444,0.3899,0.0086,0.9287999868392944,3.101999998092652
10,0.3444,0.2778,0.4654,0.0183,0.9821000099182128,6.598899841308594
11,0.3444,0.3111,0.4654,0.0175,0.949899971485138,6.31689977645874
12,0.3444,0.2778,0.5031,0.0166,0.9526000022888184,5.95989990234375
13,0.2778,0.5444,0.5031,0.0122,0.8791000247001648,4.383900165557861
14,0.6778,0.4778,0.7296,0.0086,0.807200014591217,3.086199998855592
