anno_index,coord_x,coord_y,coord_z,diameter,malscore,diameter_mm
0,0.6222,0.3022,0.0611,0.0114,0.8073999881744385,5.145100116729736
1,0.6222,0.3289,0.0611,0.0165,0.9477999806404114,7.441199779510497
2,0.6489,0.3289,0.0611,0.0167,0.9570999741554259,7.5072999000549325
3,0.5956,0.3022,0.4733,0.0128,0.9146000146865844,5.76830005645752
4,0.5689,0.3289,0.6107,0.0147,0.8554999828338623,6.6006999015808105
