anno_index,coord_x,coord_y,coord_z,diameter,malscore,diameter_mm
20,0.703,0.4485,0.8187,0.0153,0.835099995136261,5.042500019073486
