anno_index,coord_x,coord_y,coord_z,diameter,malscore,diameter_mm
6,0.3778,0.3111,0.4819,0.0136,0.8173999786376953,4.891900062561035
7,0.3778,0.3444,0.4819,0.0168,0.892300009727478,6.044899940490723
8,0.3778,0.3444,0.5181,0.0147,0.8781999945640564,5.30109977722168
9,0.3111,0.3778,0.5181,0.0183,0.906000018119812,6.5875000953674325
11,0.7111,0.4778,0.8072,0.0114,0.8127999901771545,4.0862998962402335
12,0.7111,0.5111,0.8072,0.0189,0.9359999895095824,6.815299987792969
