anno_index,coord_x,coord_y,coord_z,diameter,malscore,diameter_mm
3,0.7361,0.5036,0.5774,0.015,0.9501000046730042,6.19379997253418
4,0.7651,0.5036,0.5774,0.0138,0.9652000069618224,5.696300029754639
14,0.6779999999999999,0.5908,0.8609,0.0124,0.8277000188827515,5.127699851989746
