anno_index,coord_x,coord_y,coord_z,diameter,malscore,diameter_mm
6,0.2444,0.6111,0.6286,0.0101,0.8299000263214111,3.626600027084351
