anno_index,coord_x,coord_y,coord_z,diameter,malscore,diameter_mm
6,0.2945,0.3515,0.691,0.0143,0.8292999863624573,6.002999782562256
7,0.2945,0.38,0.691,0.0202,0.9128000140190125,8.507499694824219
8,0.32299999999999995,0.38,0.691,0.0192,0.9717000126838684,8.068499565124513
