anno_index,coord_x,coord_y,coord_z,diameter,malscore,diameter_mm
0,0.3111,0.5111,0.3613,0.0103,0.8077999949455261,3.721199989318848
1,0.3111,0.2778,0.4,0.0098,0.8410999774932861,3.5339999198913574
2,0.3778,0.2444,0.4387,0.0132,0.8450000286102295,4.765399932861328
3,0.4111,0.2444,0.4387,0.0185,0.9544000029563904,6.646699905395508
4,0.3111,0.2444,0.4774,0.0097,0.8445000052452087,3.504499912261963
