anno_index,coord_x,coord_y,coord_z,diameter,malscore,diameter_mm
6,0.3125,0.425,0.5931,0.0153,0.8565999865531921,4.9054999351501465
