anno_index,coord_x,coord_y,coord_z,diameter,malscore,diameter_mm
0,0.1882,0.6824,0.4096,0.0142,0.8123000264167786,4.816299915313722
1,0.1882,0.6824,0.4458,0.0219,0.9354000091552734,7.4465999603271475
2,0.2235,0.4,0.4819,0.0214,0.9757999777793884,7.259600162506103
5,0.4,0.7529,0.5542,0.0149,0.940400004386902,5.075099945068359
13,0.7882,0.5412,0.6265,0.0146,0.8847000002861023,4.960100173950195
