anno_index,coord_x,coord_y,coord_z,diameter,malscore,diameter_mm
1,0.2933,0.4533,0.3436,0.0208,0.9039000272750854,6.24370002746582
2,0.7733,0.4533,0.5086,0.0245,0.9592999815940856,7.3474998474121085
3,0.7333,0.6133,0.6323,0.0164,0.8546000123023987,4.934999942779541
5,0.5733,0.2933,0.6735,0.0128,0.8188999891281128,3.832600116729736
