anno_index,coord_x,coord_y,coord_z,diameter,malscore,diameter_mm
8,0.34,0.4,0.4458,0.018000000000000002,0.9627000093460084,7.202700138092041
9,0.34,0.4,0.4819,0.015,0.9139999747276306,6.005000114440918
