anno_index,coord_x,coord_y,coord_z,diameter,malscore,diameter_mm
6,0.3543,0.4914,0.3851,0.0177,0.8431000113487244,6.1777000427246085
13,0.8343,0.4229,0.4224,0.0148,0.8903999924659729,5.168300151824951
15,0.8343,0.3886,0.4596,0.0207,0.9510999917984008,7.230199813842771
19,0.6971,0.2857,0.5342,0.0135,0.8560000061988831,4.7402000427246085
20,0.2171,0.3543,0.5342,0.0171,0.9236999750137328,5.993299961090088
22,0.32,0.32,0.6087,0.0112,0.845300018787384,3.928699970245361
23,0.32,0.3886,0.7578,0.0178,0.9200000166893004,6.222599983215332
24,0.7657,0.56,0.795,0.013000000000000001,0.8648999929428101,4.5397000312805185
