anno_index,coord_x,coord_y,coord_z,diameter,malscore,diameter_mm
3,0.5548,0.5548,0.3321,0.0061,0.8773000240325928,1.8889000415802
4,0.5935,0.5548,0.3321,0.0059,0.9362000226974488,1.816100001335144
22,0.129,0.4774,0.4679,0.0106,0.8450000286102295,3.2778000831604004
