anno_index,coord_x,coord_y,coord_z,diameter,malscore,diameter_mm
1,0.7684,0.3895,0.4654,0.0117,0.8568000197410583,4.464900016784668
26,0.7053,0.5789,0.8428,0.0109,0.875,4.133299827575684
