anno_index,coord_x,coord_y,coord_z,diameter,malscore,diameter_mm
22,0.368,0.584,0.5068,0.0074,0.8460999727249146,3.7239999771118164
23,0.392,0.608,0.5068,0.0096,0.9459000229835508,4.782700061798097
24,0.464,0.416,0.6301,0.0098,0.899399995803833,4.916299819946289
26,0.7040000000000001,0.536,0.7123,0.0128,0.9221000075340272,6.385499954223633
27,0.392,0.632,0.7123,0.0081,0.805899977684021,4.037000179290772
28,0.392,0.6559999999999999,0.7123,0.009000000000000001,0.8105999827384949,4.519599914550781
