anno_index,coord_x,coord_y,coord_z,diameter,malscore,diameter_mm
0,0.3111,0.5444,0.7123,0.0187,0.948199987411499,6.740099906921388
1,0.3111,0.5778,0.7123,0.0181,0.9362999796867372,6.526500225067139
