anno_index,coord_x,coord_y,coord_z,diameter,malscore,diameter_mm
0,0.2215,0.3875,0.3143,0.0159,0.8324999809265137,4.60830020904541
3,0.5952,0.3875,0.6571,0.0241,0.9451000094413756,6.972599983215332
4,0.5952,0.3875,0.7,0.0185,0.9218999743461608,5.332799911499023
5,0.6367,0.3875,0.7,0.0117,0.8540999889373779,3.388499975204468
