anno_index,coord_x,coord_y,coord_z,diameter,malscore,diameter_mm
2,0.7117,0.5644,0.5513,0.0116,0.8008000254631042,3.767699956893921
3,0.7485,0.5644,0.5513,0.0182,0.9397000074386596,5.9190001487731925
5,0.1963,0.5276,0.5897,0.0248,0.9610000252723694,8.100899696350098
6,0.7485,0.5644,0.5897,0.0217,0.9735000133514404,7.078999996185303
7,0.7853,0.5644,0.5897,0.0167,0.9557999968528748,5.434599876403809
8,0.1963,0.5276,0.6282,0.0241,0.9684000015258788,7.849599838256836
9,0.1963,0.454,0.6667,0.0128,0.8166999816894531,4.182099819183351
