anno_index,coord_x,coord_y,coord_z,diameter,malscore,diameter_mm
4,0.2778,0.6444,0.5542,0.0217,0.9473999738693236,7.817200183868407
5,0.3111,0.6444,0.5542,0.0128,0.8549000024795532,4.6040000915527335
6,0.6444,0.7444,0.5542,0.0221,0.9577999711036682,7.955800056457519
7,0.6778,0.7444,0.5542,0.0224,0.979099988937378,8.060299873352049
8,0.2778,0.6444,0.5904,0.0195,0.9472000002861024,7.0250000953674325
9,0.3111,0.6444,0.5904,0.013999999999999999,0.9265000224113464,5.036200046539307
