anno_index,coord_x,coord_y,coord_z,diameter,malscore,diameter_mm
0,0.2695,0.6525,0.3205,0.0096,0.8844000101089478,2.6956000328063965
