anno_index,coord_x,coord_y,coord_z,diameter,malscore,diameter_mm
0,0.7,0.6571,0.369,0.0031,0.8745999932289124,0.8679999709129333
1,0.7,0.7,0.369,0.0048,0.9387999773025512,1.3351000547409058
2,0.7,0.6571,0.4133,0.0024,0.8219000101089478,0.6765000224113464
3,0.7,0.7,0.4133,0.0063,0.9664999842643738,1.7678999900817869
10,0.3143,0.3143,0.5461,0.027000000000000003,0.9621999859809875,7.563799858093263
11,0.3143,0.3571,0.5461,0.029,0.9642000198364258,8.131099700927733
