anno_index,coord_x,coord_y,coord_z,diameter,malscore,diameter_mm
1,0.6421,0.5158,0.37799999999999995,0.0159,0.9150999784469604,6.0349998474121085
2,0.6421,0.5474,0.37799999999999995,0.013000000000000001,0.8689000010490417,4.935400009155273
