anno_index,coord_x,coord_y,coord_z,diameter,malscore,diameter_mm
14,0.6026,0.4779,0.8404,0.0153,0.9399999976158142,5.894199848175049
16,0.6961,0.5091,0.8404,0.0181,0.9494000077247621,6.957200050354004
