anno_index,coord_x,coord_y,coord_z,diameter,malscore,diameter_mm
0,0.125,0.5,0.2953,0.0132,0.8241000175476074,4.2108001708984375
5,0.35,0.3125,0.4564,0.0155,0.9093000292778016,4.974599838256836
9,0.725,0.3125,0.5369,0.0258,0.9660999774932858,8.243100166320799
10,0.725,0.4625,0.5772,0.0089,0.8371999859809875,2.862600088119507
11,0.7625,0.4625,0.5772,0.0176,0.9675999879837036,5.64330005645752
13,0.7625,0.4625,0.6174,0.0092,0.8532999753952026,2.9300000667572017
