anno_index,coord_x,coord_y,coord_z,diameter,malscore,diameter_mm
0,0.2444,0.3111,0.3411,0.0179,0.9204000234603882,6.45959997177124
1,0.3111,0.5444,0.4341,0.0196,0.8792999982833862,7.066800117492676
2,0.7111,0.3111,0.4806,0.0106,0.8422999978065491,3.829200029373169
3,0.3111,0.5111,0.4806,0.0152,0.8248000144958496,5.475100040435791
4,0.3111,0.5444,0.4806,0.0242,0.9750999808311462,8.701800346374513
