anno_index,coord_x,coord_y,coord_z,diameter,malscore,diameter_mm
7,0.7723,0.3228,0.3333,0.0102,0.8511999845504761,3.536900043487549
9,0.2882,0.4957,0.3333,0.0163,0.9186000227928162,5.644100189208984
22,0.219,0.5994,0.6533,0.0187,0.9182999730110168,6.5046000480651855
23,0.219,0.634,0.6533,0.0214,0.9358999729156494,7.435999870300293
24,0.2536,0.634,0.6533,0.0184,0.9004999995231628,6.386300086975098
25,0.634,0.5303,0.7333,0.0148,0.8526999950408936,5.137400150299072
26,0.6686,0.5303,0.7333,0.0186,0.9506000280380248,6.453499794006348
27,0.5648,0.5994,0.7333,0.0152,0.8773000240325928,5.279799938201903
