anno_index,coord_x,coord_y,coord_z,diameter,malscore,diameter_mm
0,0.2933,0.3733,0.3899,0.0367,0.963100016117096,11.014399528503418
1,0.2133,0.6133,0.5031,0.0087,0.8224999904632568,2.601300001144409
