anno_index,coord_x,coord_y,coord_z,diameter,malscore,diameter_mm
0,0.8481,0.4684,0.2452,0.0167,0.890999972820282,5.281000137329102
43,0.3924,0.4684,0.659,0.0176,0.8644999861717224,5.569300174713135
