anno_index,coord_x,coord_y,coord_z,diameter,malscore,diameter_mm
12,0.1387,0.5227,0.4514,0.0204,0.9606000185012816,7.638500213623048
13,0.1387,0.5547,0.4514,0.0204,0.9639000296592712,7.645500183105469
16,0.7467,0.5547,0.6404,0.0153,0.9165999889373779,5.746699810028076
17,0.7467,0.5547,0.6719,0.0147,0.9347000122070312,5.527200222015381
