anno_index,coord_x,coord_y,coord_z,diameter,malscore,diameter_mm
9,0.163,0.6144,0.5,0.0194,0.9509000182151794,6.19189977645874
15,0.163,0.6144,0.5326,0.0175,0.9437000155448914,5.577199935913086
