anno_index,coord_x,coord_y,coord_z,diameter,malscore,diameter_mm
12,0.6444,0.5778,0.7356,0.0206,0.970300018787384,7.420300006866455
