anno_index,coord_x,coord_y,coord_z,diameter,malscore,diameter_mm
0,0.2207,0.4276,0.4096,0.024,0.9652000069618224,6.9695000648498535
1,0.2207,0.469,0.4096,0.0173,0.8389999866485596,5.00540018081665
