anno_index,coord_x,coord_y,coord_z,diameter,malscore,diameter_mm
7,0.2444,0.5444,0.6345,0.0147,0.9028999805450441,5.277999877929688
