anno_index,coord_x,coord_y,coord_z,diameter,malscore,diameter_mm
0,0.7976,0.3333,0.2303,0.0162,0.8992999792098999,5.432600021362305
1,0.7262,0.5833,0.5212,0.0212,0.9660999774932858,7.1159000396728525
2,0.7619,0.5833,0.5212,0.0125,0.9115999937057496,4.191199779510498
3,0.7262,0.619,0.5212,0.0246,0.9883000254631042,8.26200008392334
4,0.7619,0.619,0.5212,0.0206,0.9887999892234802,6.91349983215332
5,0.1905,0.5119,0.5576,0.0151,0.8988000154495239,5.08050012588501
6,0.7262,0.5833,0.5576,0.015,0.8461999893188477,5.053100109100342
7,0.7262,0.619,0.5576,0.0236,0.9922000169754028,7.940199851989746
8,0.7619,0.619,0.5576,0.0219,0.9907000064849854,7.342400074005128
