anno_index,coord_x,coord_y,coord_z,diameter,malscore,diameter_mm
13,0.2111,0.5778,0.3356,0.0152,0.8783000111579895,5.489500045776367
