anno_index,coord_x,coord_y,coord_z,diameter,malscore,diameter_mm
20,0.73,0.76,0.682,0.0164,0.9233999848365784,6.573599815368652
21,0.37,0.49,0.7213,0.0121,0.9556999802589417,4.849100112915039
23,0.73,0.73,0.7213,0.0145,0.9494000077247621,5.810299873352051
24,0.73,0.76,0.7213,0.0156,0.977400004863739,6.232999801635742
25,0.37,0.49,0.7607,0.0083,0.939300000667572,3.3036000728607178
26,0.61,0.61,0.8787,0.013999999999999999,0.8309000134468079,5.594200134277344
