anno_index,coord_x,coord_y,coord_z,diameter,malscore,diameter_mm
3,0.7778,0.5111,0.2983,0.0167,0.972599983215332,5.994100093841553
