anno_index,coord_x,coord_y,coord_z,diameter,malscore,diameter_mm
0,0.3579,0.4526,0.4819,0.015,0.9197999835014344,5.695300102233888
1,0.2947,0.5158,0.5542,0.0127,0.8992000222206116,4.808499813079834
2,0.2947,0.5474,0.5542,0.0182,0.949899971485138,6.9211997985839835
3,0.2947,0.3263,0.5904,0.0157,0.9241999983787536,5.9583001136779785
4,0.2947,0.3579,0.5904,0.0207,0.9718000292778016,7.881199836730957
5,0.2947,0.5474,0.5904,0.0131,0.8931000232696533,4.994699954986572
6,0.3263,0.5474,0.5904,0.0118,0.8939999938011169,4.492400169372559
7,0.2947,0.3579,0.6265,0.0132,0.8492000102996826,5.004499912261963
