anno_index,coord_x,coord_y,coord_z,diameter,malscore,diameter_mm
0,0.19,0.37,0.3472,0.0124,0.8525999784469604,4.952000141143799
1,0.25,0.49,0.4722,0.0194,0.9690999984741212,7.744200229644775
2,0.28,0.49,0.4722,0.0114,0.8834999799728394,4.577000141143799
