anno_index,coord_x,coord_y,coord_z,diameter,malscore,diameter_mm
8,0.206,0.5962,0.5128,0.0169,0.9422000050544742,6.223999977111816
9,0.2385,0.5962,0.5128,0.0145,0.9264000058174132,5.365600109100342
10,0.2385,0.3686,0.5513,0.0143,0.9151999950408936,5.289100170135498
11,0.271,0.3686,0.5513,0.0131,0.917900025844574,4.848599910736084
12,0.271,0.4661,0.5513,0.0184,0.9818000197410583,6.772500038146973
13,0.271,0.4986,0.5513,0.0139,0.8634999990463257,5.146399974822998
14,0.271,0.4661,0.5897,0.0102,0.8529000282287598,3.765799999237061
