anno_index,coord_x,coord_y,coord_z,diameter,malscore,diameter_mm
3,0.2222,0.3472,0.4901,0.0213,0.8701000213623047,6.147200107574463
4,0.1806,0.3889,0.4901,0.0259,0.9617000222206116,7.450399875640869
5,0.2639,0.3889,0.4901,0.0185,0.8737999796867371,5.321100234985352
6,0.2222,0.3472,0.5298,0.0238,0.9397000074386596,6.859499931335449
7,0.1806,0.3889,0.5298,0.0258,0.9596999883651732,7.437399864196777
8,0.8056,0.4306,0.5298,0.0287,0.975000023841858,8.258899688720701
9,0.8056,0.4306,0.5695,0.0255,0.9714999794960022,7.332600116729736
