anno_index,coord_x,coord_y,coord_z,diameter,malscore,diameter_mm
0,0.2375,0.3125,0.5271,0.0123,0.8766999840736389,3.948499917984009
2,0.7625,0.5375,0.6667,0.0215,0.9728000164031982,6.8907999992370605
6,0.3125,0.575,0.8062,0.0129,0.8547000288963318,4.1375999450683585
7,0.3125,0.6125,0.8062,0.0144,0.8266000151634216,4.593200206756592
