anno_index,coord_x,coord_y,coord_z,diameter,malscore,diameter_mm
4,0.3314,0.2959,0.6304,0.0029,0.8845999836921692,0.9715999960899352
5,0.3314,0.3314,0.6304,0.0047,0.9441999793052672,1.5813000202178955
6,0.6154,0.7574,0.7935,0.0135,0.8140000104904175,4.547800064086914
7,0.6154,0.7574,0.8261,0.0186,0.8974000215530396,6.291299819946289
8,0.6509,0.7574,0.8261,0.0139,0.819599986076355,4.682799816131592
