anno_index,coord_x,coord_y,coord_z,diameter,malscore,diameter_mm
3,0.2111,0.5111,0.4819,0.003,0.9915000200271606,1.0937000513076782
4,0.2778,0.3778,0.5181,0.016,0.9185000061988832,5.765999794006348
5,0.2111,0.5111,0.5181,0.003,0.998199999332428,1.0924999713897705
6,0.7111,0.6444,0.7711,0.0019,0.8575000166893005,0.6973999738693237
