anno_index,coord_x,coord_y,coord_z,diameter,malscore,diameter_mm
0,0.6111,0.7444,0.1538,0.0218,0.9453999996185304,7.865900039672852
1,0.6444,0.7444,0.1538,0.0222,0.9674999713897704,7.9986000061035165
2,0.6111,0.7444,0.1893,0.0222,0.9681000113487244,7.991099834442139
3,0.6444,0.7444,0.1893,0.0225,0.9822999835014344,8.092499732971191
4,0.8778,0.6444,0.2604,0.0173,0.8852999806404114,6.216300010681152
8,0.8111,0.4444,0.5089,0.0126,0.8769999742507935,4.551799774169922
9,0.2778,0.3444,0.5799,0.011,0.8173999786376953,3.9507999420166016
