anno_index,coord_x,coord_y,coord_z,diameter,malscore,diameter_mm
5,0.2316,0.3579,0.5804,0.0172,0.9467999935150146,6.535299777984619
6,0.2316,0.3895,0.5804,0.0199,0.9750000238418579,7.57289981842041
7,0.2316,0.3579,0.6183,0.0122,0.8736000061035156,4.646200180053711
8,0.2316,0.3895,0.6183,0.0198,0.9796000123023988,7.514699935913086
21,0.3263,0.5158,0.8076,0.0154,0.8970000147819519,5.863800048828125
