anno_index,coord_x,coord_y,coord_z,diameter,malscore,diameter_mm
5,0.17300000000000001,0.3351,0.4308,0.0384,0.9401999711990356,14.192500114440918
6,0.17300000000000001,0.3676,0.4308,0.0323,0.8205999732017517,11.958999633789062
