anno_index,coord_x,coord_y,coord_z,diameter,malscore,diameter_mm
7,0.7343,0.2995,0.2803,0.0168,0.9237999916076659,6.9730000495910645
8,0.3575,0.2415,0.3567,0.0167,0.8883000016212463,6.898099899291992
9,0.3285,0.6184,0.3567,0.0182,0.9535999894142152,7.540800094604492
10,0.3285,0.6184,0.3949,0.0123,0.8489000201225281,5.0834999084472665
11,0.3285,0.3575,0.4331,0.0168,0.8625000119209291,6.943600177764893
12,0.3285,0.3575,0.4713,0.0198,0.9563999772071838,8.197600364685059
