anno_index,coord_x,coord_y,coord_z,diameter,malscore,diameter_mm
8,0.1208,0.5559,0.2941,0.0219,0.9678999781608582,7.246500015258789
9,0.1208,0.5921,0.2941,0.0231,0.9574000239372252,7.629899978637695
14,0.1208,0.5559,0.3294,0.0142,0.8373000025749207,4.687600135803223
15,0.1208,0.5921,0.3294,0.0175,0.8723000288009644,5.803800106048584
27,0.7009,0.5196,0.8588,0.0207,0.9506999850273132,6.842299938201902
