anno_index,coord_x,coord_y,coord_z,diameter,malscore,diameter_mm
13,0.2065,0.3613,0.5303,0.016,0.8985000252723694,4.970600128173828
14,0.2452,0.5548,0.5303,0.0214,0.9574000239372252,6.649099826812744
15,0.2452,0.5935,0.5303,0.0234,0.9726999998092652,7.26800012588501
18,0.2839,0.7484,0.6686,0.0173,0.8403999805450441,5.355599880218506
19,0.6709999999999999,0.4774,0.7032,0.0163,0.9128999710083008,5.057000160217285
20,0.2839,0.7484,0.7032,0.0245,0.968999981880188,7.586100101470947
21,0.2839,0.7871,0.7032,0.0216,0.8766999840736389,6.690299987792969
22,0.6709999999999999,0.7097,0.7378,0.015,0.8711000084877014,4.63700008392334
