anno_index,coord_x,coord_y,coord_z,diameter,malscore,diameter_mm
0,0.7206,0.3235,0.3284,0.0079,0.8151000142097473,2.1422998905181885
