anno_index,coord_x,coord_y,coord_z,diameter,malscore,diameter_mm
0,0.8444,0.3444,0.2517,0.0111,0.8547999858856201,4.002500057220459
1,0.7444,0.7444,0.4503,0.0217,0.919700026512146,7.811999797821045
2,0.7778,0.7444,0.4503,0.0168,0.8065999746322632,6.051599979400635
3,0.7444,0.7444,0.4901,0.0185,0.8892999887466431,6.644899845123291
4,0.2778,0.7778,0.4901,0.0275,0.8313000202178955,9.909500122070312
5,0.7111,0.7111,0.5695,0.0166,0.8808000087738037,5.987199783325195
11,0.6778,0.6778,0.8079,0.0213,0.9478999972343444,7.67579984664917
