anno_index,coord_x,coord_y,coord_z,diameter,malscore,diameter_mm
13,0.2947,0.5158,0.6559,0.0104,0.8456000089645386,3.9697999954223633
17,0.2947,0.5789,0.7204,0.0141,0.8740000128746033,5.344600200653076
37,0.4842,0.4526,0.914,0.022,0.9251999855041504,8.357799530029299
38,0.5158,0.4526,0.914,0.0141,0.8427000045776367,5.357500076293945
39,0.4526,0.5158,0.914,0.0182,0.9326000213623048,6.9197998046875
41,0.4526,0.5474,0.9462,0.0188,0.8522999882698059,7.1402997970581055
