anno_index,coord_x,coord_y,coord_z,diameter,malscore,diameter_mm
15,0.7111,0.5444,0.3636,0.0071,0.8378999829292297,2.5580999851226807
16,0.7444,0.5444,0.3636,0.016,0.9419999718666076,5.7546000480651855
