anno_index,coord_x,coord_y,coord_z,diameter,malscore,diameter_mm
0,0.8,0.65,0.3012,0.0259,0.9366000294685364,8.290200233459473
1,0.2,0.425,0.4458,0.0233,0.9836999773979188,7.457900047302246
2,0.2,0.4625,0.4458,0.0279,0.98580002784729,8.932700157165527
3,0.6875,0.725,0.4458,0.0236,0.9641000032424928,7.540900230407715
4,0.2,0.425,0.4819,0.0213,0.915000021457672,6.801700115203857
5,0.6875,0.725,0.4819,0.0173,0.9247999787330629,5.550300121307373
6,0.725,0.7625,0.4819,0.021,0.9121999740600586,6.7332000732421875
7,0.6875,0.8,0.5904,0.014,0.8452000021934509,4.48199987411499
