anno_index,coord_x,coord_y,coord_z,diameter,malscore,diameter_mm
7,0.6933,0.6533,0.3436,0.0183,0.9003999829292297,5.492499828338623
9,0.2133,0.3733,0.638,0.0193,0.907800018787384,5.783899784088135
10,0.2133,0.4133,0.638,0.0214,0.9063000082969666,6.4278998374938965
11,0.3333,0.7333,0.6748,0.0166,0.8946999907493591,4.97730016708374
