anno_index,coord_x,coord_y,coord_z,diameter,malscore,diameter_mm
3,0.3444,0.3778,0.5904,0.0178,0.9214000105857848,6.400199890136719
