anno_index,coord_x,coord_y,coord_z,diameter,malscore,diameter_mm
12,0.7778,0.4444,0.3758,0.0161,0.8324999809265137,5.782100200653076
33,0.7444,0.4778,0.4966,0.0135,0.9193000197410583,4.843699932098389
34,0.3111,0.7111,0.5772,0.0105,0.8163999915122986,3.7785000801086426
35,0.6778,0.6444,0.7785,0.0177,0.9358000159263612,6.385000228881836
