anno_index,coord_x,coord_y,coord_z,diameter,malscore,diameter_mm
10,0.37,0.64,0.4161,0.0151,0.944599986076355,6.0584001541137695
11,0.4,0.64,0.4161,0.0092,0.8240000009536743,3.6684999465942383
14,0.7,0.64,0.4966,0.0241,0.9419000148773192,9.62720012664795
18,0.31,0.61,0.6577,0.0114,0.8064000010490417,4.555699825286865
