anno_index,coord_x,coord_y,coord_z,diameter,malscore,diameter_mm
4,0.73,0.4,0.6265,0.0163,0.8851000070571899,6.508999824523926
5,0.76,0.4,0.6265,0.0128,0.8529999852180481,5.134900093078613
6,0.67,0.61,0.6265,0.0154,0.8240000009536743,6.147900104522705
7,0.67,0.64,0.6265,0.0173,0.9210000038146972,6.902100086212157
8,0.73,0.4,0.6627,0.0131,0.8518000245094299,5.245500087738037
9,0.28,0.43,0.6988,0.0162,0.8744999766349792,6.468299865722656
10,0.31,0.43,0.6988,0.0139,0.8223000168800354,5.543600082397461
