anno_index,coord_x,coord_y,coord_z,diameter,malscore,diameter_mm
0,0.6946,0.4431,0.5584,0.0183,0.9207999706268308,6.11929988861084
1,0.7305,0.4431,0.5584,0.016,0.9372000098228456,5.3400001525878915
2,0.6946,0.479,0.5584,0.0178,0.9248999953269958,5.940899848937987
3,0.7305,0.479,0.5584,0.0172,0.9433000087738036,5.750699996948242
4,0.2275,0.479,0.6364,0.0138,0.8604000210762024,4.6244001388549805
