anno_index,coord_x,coord_y,coord_z,diameter,malscore,diameter_mm
4,0.2714,0.7857,0.5316,0.0273,0.9575999975204468,7.6500000953674325
5,0.3143,0.7857,0.5316,0.0244,0.963800013065338,6.824699878692628
6,0.2714,0.8286,0.5316,0.0175,0.8579000234603882,4.904200077056885
