anno_index,coord_x,coord_y,coord_z,diameter,malscore,diameter_mm
1,0.7568,0.4649,0.6301,0.0108,0.8209000229835509,3.99429988861084
