anno_index,coord_x,coord_y,coord_z,diameter,malscore,diameter_mm
3,0.7235,0.2894,0.4986,0.0079,0.9230999946594238,3.042200088500977
4,0.7235,0.2894,0.5333,0.0055,0.9366999864578248,2.1424000263214107
7,0.2894,0.6305,0.7072,0.0159,0.9617999792099,6.162600040435791
8,0.6615,0.6615,0.8116,0.0043,0.8043000102043152,1.6564999818801882
