anno_index,coord_x,coord_y,coord_z,diameter,malscore,diameter_mm
0,0.2235,0.2588,0.3851,0.018000000000000002,0.9641000032424928,6.129499912261963
1,0.8588,0.6118,0.3851,0.0103,0.8544999957084656,3.507299900054932
6,0.6471,0.6824,0.4224,0.0128,0.8830999732017517,4.3626999855041495
13,0.2941,0.5412,0.5714,0.0165,0.9552000164985656,5.61460018157959
14,0.7882,0.6471,0.5714,0.0218,0.9807999730110168,7.4274001121521
17,0.4,0.2941,0.6087,0.0189,0.8953999876976013,6.41349983215332
20,0.7882,0.6471,0.6087,0.0107,0.8934999704360962,3.6436998844146733
