anno_index,coord_x,coord_y,coord_z,diameter,malscore,diameter_mm
0,0.7,0.61,0.5068,0.0155,0.8101999759674072,6.214099884033202
4,0.7,0.61,0.5479,0.0137,0.8471000194549559,5.47790002822876
