anno_index,coord_x,coord_y,coord_z,diameter,malscore,diameter_mm
5,0.8533,0.4933,0.4533,0.0192,0.948199987411499,5.76200008392334
