anno_index,coord_x,coord_y,coord_z,diameter,malscore,diameter_mm
0,0.7243,0.5946,0.3094,0.0201,0.9240999817848206,7.453400135040282
1,0.7243,0.627,0.3094,0.0164,0.8159999847412109,6.0776000022888175
5,0.2054,0.5946,0.5083,0.0135,0.8981999754905701,4.981200218200684
12,0.2378,0.5946,0.7072,0.015,0.8984000086784363,5.5447998046875
13,0.2703,0.5297,0.7403,0.0124,0.8203999996185303,4.5868000984191895
14,0.7892,0.5622,0.8066,0.0159,0.9165999889373779,5.895500183105469
15,0.7892,0.5622,0.8398,0.018000000000000002,0.9160000085830688,6.673200130462647
