anno_index,coord_x,coord_y,coord_z,diameter,malscore,diameter_mm
12,0.2909,0.4156,0.6228,0.0165,0.967199981212616,6.356599807739258
13,0.2909,0.4156,0.6587,0.0122,0.8883000016212463,4.701700210571289
14,0.7273,0.4468,0.6587,0.0139,0.8582999706268309,5.339000225067139
15,0.7584,0.4468,0.6587,0.0161,0.9010000228881836,6.183300018310548
16,0.7273,0.4468,0.6946,0.0117,0.8679999709129333,4.501699924468994
17,0.7584,0.4468,0.6946,0.0136,0.8998000025749207,5.2266998291015625
