anno_index,coord_x,coord_y,coord_z,diameter,malscore,diameter_mm
0,0.3849,0.5086,0.6118,0.0261,0.9417999982833862,7.605299949645996
1,0.4261,0.5086,0.6118,0.026000000000000002,0.8730999827384949,7.552299976348878
2,0.3436,0.3849,0.6471,0.0207,0.9593999981880188,6.0329999923706055
3,0.3849,0.5086,0.6471,0.0274,0.9785000085830688,7.963399887084961
4,0.4261,0.5086,0.6471,0.0238,0.9027000069618224,6.922699928283691
5,0.2612,0.5086,0.7529,0.0236,0.9549000263214112,6.874800205230713
6,0.2612,0.5498,0.7529,0.0268,0.979099988937378,7.785299777984619
