anno_index,coord_x,coord_y,coord_z,diameter,malscore,diameter_mm
0,0.8111,0.6111,0.3125,0.0143,0.8895000219345093,5.139500141143799
1,0.7778,0.5778,0.5,0.0185,0.8689000010490417,6.660600185394287
2,0.7778,0.5778,0.5375,0.0208,0.9448999762535096,7.47130012512207
3,0.3444,0.4778,0.65,0.0142,0.8137999773025513,5.108699798583984
