anno_index,coord_x,coord_y,coord_z,diameter,malscore,diameter_mm
4,0.3131,0.3737,0.5542,0.0203,0.9860000014305116,8.055299758911133
5,0.3434,0.3737,0.5542,0.0151,0.9211999773979188,5.98799991607666
6,0.3131,0.404,0.5542,0.0224,0.9833999872207642,8.854700088500977
7,0.3434,0.404,0.5542,0.0154,0.9088000059127808,6.102799892425537
8,0.3131,0.3737,0.5904,0.019,0.9682000279426576,7.538300037384032
9,0.3131,0.404,0.5904,0.0211,0.9751999974250792,8.349499702453612
10,0.3434,0.404,0.5904,0.0111,0.8407999873161316,4.376399993896484
