anno_index,coord_x,coord_y,coord_z,diameter,malscore,diameter_mm
0,0.2778,0.4111,0.3356,0.017,0.8659999966621399,6.121600151062013
1,0.3111,0.4111,0.3356,0.0226,0.9526000022888184,8.125200271606445
2,0.2778,0.7111,0.3356,0.0081,0.8195000290870667,2.9328999519348145
