anno_index,coord_x,coord_y,coord_z,diameter,malscore,diameter_mm
5,0.3704,0.7704,0.7073,0.0288,0.9732999801635742,7.785399913787843
