anno_index,coord_x,coord_y,coord_z,diameter,malscore,diameter_mm
16,0.3111,0.2778,0.6447,0.01,0.8144000172615051,3.6126999855041504
17,0.3111,0.3111,0.6447,0.0112,0.8062000274658203,4.034900188446045
21,0.2444,0.5778,0.7237,0.0167,0.9296000003814696,6.003399848937987
22,0.2778,0.5778,0.7237,0.0097,0.8406000137329102,3.50979995727539
23,0.6111,0.5444,0.8421,0.0144,0.9164999723434448,5.182300090789795
