anno_index,coord_x,coord_y,coord_z,diameter,malscore,diameter_mm
1,0.3111,0.7111,0.2246,0.0244,0.8567000031471252,8.77340030670166
26,0.2111,0.4778,0.4772,0.0097,0.8471000194549559,3.4798998832702637
