anno_index,coord_x,coord_y,coord_z,diameter,malscore,diameter_mm
0,0.3226,0.3613,0.3143,0.0151,0.8069000244140625,4.680300235748291
1,0.3226,0.4,0.3143,0.0157,0.8090000152587891,4.8558998107910165
12,0.6709999999999999,0.6323,0.7,0.0173,0.9118000268936156,5.358799934387207
