anno_index,coord_x,coord_y,coord_z,diameter,malscore,diameter_mm
0,0.3125,0.65,0.3887,0.0029,0.8515999913215637,0.9307000041007996
1,0.35,0.65,0.3887,0.0028,0.9361000061035156,0.9061999917030334
2,0.3125,0.65,0.4263,0.0018,0.82669997215271,0.5799000263214111
3,0.35,0.65,0.4263,0.002,0.8202999830245972,0.6319000124931335
