anno_index,coord_x,coord_y,coord_z,diameter,malscore,diameter_mm
0,0.7029,0.5495,0.275,0.0137,0.8095999956130981,4.273200035095215
1,0.3195,0.4345,0.3125,0.0158,0.8759999871253967,4.93720006942749
9,0.2812,0.3578,0.65,0.0257,0.961300015449524,8.055100440979004
10,0.3195,0.3578,0.65,0.0196,0.8942000269889832,6.146299839019775
11,0.7029,0.6262,0.65,0.0242,0.9690999984741212,7.5696001052856445
12,0.7412,0.6262,0.65,0.0162,0.9384999871253968,5.0675997734069815
13,0.6262,0.3195,0.6875,0.0115,0.843999981880188,3.6094999313354488
14,0.2812,0.3578,0.6875,0.0135,0.8346999883651733,4.212299823760986
15,0.7796,0.3962,0.6875,0.0176,0.961300015449524,5.494400024414063
