anno_index,coord_x,coord_y,coord_z,diameter,malscore,diameter_mm
0,0.7444,0.5778,0.2317,0.011000000000000001,0.8669999837875366,3.94379997253418
1,0.7444,0.6111,0.2317,0.0116,0.8457000255584717,4.1676998138427725
19,0.7778,0.4778,0.561,0.017,0.8830000162124634,6.1152000427246085
24,0.7778,0.4444,0.5976,0.0197,0.8694999814033508,7.107500076293945
25,0.7778,0.4778,0.5976,0.0205,0.9298999905586244,7.3948001861572275
