anno_index,coord_x,coord_y,coord_z,diameter,malscore,diameter_mm
7,0.7161,0.4092,0.4765,0.0026,0.8220999836921692,1.0175000429153442
8,0.6854,0.4092,0.5097,0.0044,0.9628999829292296,1.7280999422073364
9,0.7161,0.4092,0.5097,0.0095,0.9246000051498412,3.726599931716919
34,0.3171,0.5013,0.7091,0.0215,0.9603999853134156,8.416999816894531
36,0.3171,0.5013,0.7424,0.0167,0.907800018787384,6.541299819946289
37,0.6854,0.5013,0.7424,0.0149,0.8575000166893005,5.819499969482423
49,0.3171,0.5934,0.8421,0.0157,0.8942000269889832,6.146500110626223
50,0.3171,0.624,0.8421,0.0153,0.8543000221252441,5.977799892425537
51,0.5934,0.624,0.8421,0.0161,0.9478999972343444,6.295000076293945
