anno_index,coord_x,coord_y,coord_z,diameter,malscore,diameter_mm
0,0.3125,0.2375,0.3559,0.013,0.8533999919891357,4.152599811553955
3,0.2375,0.5,0.484,0.0234,0.9850000143051147,7.4847002029418945
4,0.2375,0.5,0.5267,0.0228,0.9825999736785888,7.30210018157959
5,0.2375,0.5375,0.5267,0.0095,0.8634999990463257,3.0543999671936035
6,0.2375,0.3125,0.5694,0.013,0.8187000155448914,4.153200149536134
7,0.2375,0.575,0.5694,0.0172,0.9480999708175659,5.494699954986572
8,0.275,0.575,0.5694,0.0119,0.839900016784668,3.7959001064300537
