anno_index,coord_x,coord_y,coord_z,diameter,malscore,diameter_mm
0,0.2724,0.3584,0.4774,0.02,0.9059000015258788,5.590199947357178
