anno_index,coord_x,coord_y,coord_z,diameter,malscore,diameter_mm
3,0.275,0.6875,0.6218,0.0209,0.9204999804496764,6.693699836730957
4,0.8,0.6125,0.6723,0.0203,0.9635000228881836,6.4973998069763175
