anno_index,coord_x,coord_y,coord_z,diameter,malscore,diameter_mm
0,0.1949,0.5026,0.4545,0.0136,0.9420999884605408,5.3024001121521
1,0.6872,0.5949,0.5227,0.0124,0.8510000109672546,4.8383002281188965
2,0.7179,0.5949,0.5227,0.0138,0.9350000023841858,5.386499881744385
3,0.7179,0.6256,0.5227,0.0103,0.8360999822616577,4.009500026702882
