anno_index,coord_x,coord_y,coord_z,diameter,malscore,diameter_mm
5,0.6462,0.6128,0.3672,0.0043,0.916800022125244,1.5377999544143677
6,0.6797,0.6128,0.3672,0.0046,0.9433000087738036,1.6647000312805176
7,0.6462,0.546,0.4459,0.0178,0.9067999720573424,6.402400016784668
