anno_index,coord_x,coord_y,coord_z,diameter,malscore,diameter_mm
0,0.2603,0.3425,0.4459,0.0255,0.9387999773025512,7.445799827575684
1,0.3425,0.6712,0.4459,0.0139,0.8118000030517578,4.045100212097168
3,0.3425,0.7123,0.4459,0.0191,0.8805000185966492,5.579500198364258
