anno_index,coord_x,coord_y,coord_z,diameter,malscore,diameter_mm
0,0.7592,0.3513,0.4044,0.0125,0.8464999794960022,4.421000003814697
1,0.7592,0.3853,0.4044,0.0139,0.901199996471405,4.921299934387207
2,0.7592,0.3513,0.4372,0.0129,0.8367000222206116,4.539599895477295
4,0.7592,0.5552,0.5683,0.006999999999999999,0.8062000274658203,2.4712998867034908
