anno_index,coord_x,coord_y,coord_z,diameter,malscore,diameter_mm
0,0.2444,0.7444,0.47200000000000003,0.0141,0.8891000151634216,5.0725998878479
