anno_index,coord_x,coord_y,coord_z,diameter,malscore,diameter_mm
0,0.32,0.3543,0.4568,0.0191,0.9114999771118164,6.680699825286865
1,0.32,0.3543,0.4938,0.0169,0.930899977684021,5.912700176239014
2,0.2171,0.6629,0.4938,0.0204,0.9369999766349792,7.151700019836426
3,0.7657,0.6629,0.5309,0.0118,0.8195000290870667,4.122799873352052
