anno_index,coord_x,coord_y,coord_z,diameter,malscore,diameter_mm
0,0.4,0.627,0.4678,0.0101,0.8101000189781189,3.753599882125856
1,0.3027,0.2703,0.5731,0.0088,0.8000000119209291,3.2441000938415527
9,0.3676,0.4,0.8538,0.0154,0.899399995803833,5.700099945068359
10,0.4,0.3676,0.8889,0.0041,0.8499000072479248,1.5073000192642212
