anno_index,coord_x,coord_y,coord_z,diameter,malscore,diameter_mm
0,0.2683,0.4512,0.5818,0.023,0.8208000063896179,7.537199974060059
