anno_index,coord_x,coord_y,coord_z,diameter,malscore,diameter_mm
0,0.25,0.46,0.5904,0.0195,0.9537000060081482,7.799699783325195
1,0.28,0.46,0.5904,0.0166,0.9309999942779541,6.645599842071532
