anno_index,coord_x,coord_y,coord_z,diameter,malscore,diameter_mm
0,0.0824,0.5412,0.3425,0.0188,0.8812000155448914,6.3829002380371085
1,0.1176,0.5412,0.3425,0.0192,0.9401000142097472,6.51669979095459
2,0.1176,0.5765,0.3425,0.0227,0.9653999805450441,7.732399940490723
3,0.1176,0.5412,0.3757,0.0208,0.9635000228881836,7.076399803161621
4,0.1176,0.5765,0.3757,0.0234,0.959500014781952,7.9685001373291025
6,0.8235,0.3294,0.4751,0.0145,0.8029000163078308,4.945300102233887
7,0.2588,0.4706,0.6077,0.0194,0.9526000022888184,6.605999946594237
9,0.2588,0.4706,0.6409,0.0191,0.9258999824523926,6.498300075531006
