anno_index,coord_x,coord_y,coord_z,diameter,malscore,diameter_mm
1,0.8,0.4625,0.4507,0.0153,0.8784999847412109,4.901800155639648
2,0.8,0.5,0.4507,0.0139,0.8263999819755554,4.4475998878479
5,0.6875,0.5375,0.7549,0.0108,0.8428999781608582,3.4560999870300293
6,0.3875,0.575,0.7887,0.0204,0.9014999866485596,6.533199787139893
