anno_index,coord_x,coord_y,coord_z,diameter,malscore,diameter_mm
18,0.285,0.4987,0.6125,0.0174,0.9660000205039978,6.823100090026856
