anno_index,coord_x,coord_y,coord_z,diameter,malscore,diameter_mm
0,0.6778,0.6444,0.1893,0.0061,0.9204000234603882,2.2021000385284424
1,0.6778,0.6444,0.2249,0.0062,0.9663000106811525,2.2421000003814697
5,0.1444,0.4778,0.4024,0.0192,0.8761000037193298,6.902500152587893
6,0.1444,0.5111,0.4024,0.022000000000000002,0.935699999332428,7.913599967956543
7,0.1778,0.5111,0.4024,0.0134,0.8112999796867371,4.806000232696533
9,0.1778,0.4778,0.4379,0.0161,0.942300021648407,5.781199932098389
10,0.1778,0.5111,0.4379,0.0189,0.9473999738693236,6.818699836730957
11,0.3444,0.4778,0.7929,0.0203,0.9652000069618224,7.31689977645874
12,0.3778,0.4778,0.7929,0.02,0.9765999913215636,7.206399917602539
