anno_index,coord_x,coord_y,coord_z,diameter,malscore,diameter_mm
0,0.2,0.575,0.5812,0.0145,0.8970000147819519,4.6346001625061035
1,0.2,0.6125,0.5812,0.0133,0.8468999862670898,4.253900051116943
