anno_index,coord_x,coord_y,coord_z,diameter,malscore,diameter_mm
0,0.3111,0.3444,0.5786,0.0222,0.9923999905586244,7.991700172424316
1,0.3111,0.3444,0.6164,0.0196,0.9713000059127808,7.0518999099731445
