anno_index,coord_x,coord_y,coord_z,diameter,malscore,diameter_mm
0,0.2444,0.4778,0.0492,0.0019,0.8019000291824341,0.6870999932289124
1,0.8778,0.6444,0.2338,0.017,0.9146999716758728,6.125999927520753
10,0.1778,0.5444,0.4554,0.0058,0.8720999956130981,2.088000059127808
11,0.7111,0.7778,0.4554,0.0175,0.8916000127792358,6.282599925994872
12,0.2444,0.6778,0.5292,0.0118,0.8323000073432922,4.231100082397462
47,0.5778,0.4111,0.7877,0.0044,0.850600004196167,1.5951000452041626
