anno_index,coord_x,coord_y,coord_z,diameter,malscore,diameter_mm
2,0.79,0.49,0.5324,0.0158,0.9348999857902528,6.327499866485598
3,0.79,0.52,0.5324,0.0126,0.8446000218391418,5.024199962615967
4,0.79,0.49,0.5755,0.016,0.9714999794960022,6.388500213623048
5,0.79,0.52,0.5755,0.013000000000000001,0.9362999796867372,5.200500011444092
