anno_index,coord_x,coord_y,coord_z,diameter,malscore,diameter_mm
4,0.3364,0.4182,0.4526,0.0139,0.9763000011444092,6.121699810028076
