anno_index,coord_x,coord_y,coord_z,diameter,malscore,diameter_mm
15,0.7871,0.69,0.4945,0.0098,0.968500018119812,3.6531999111175537
16,0.7871,0.7224,0.4945,0.0085,0.9366999864578248,3.1679999828338623
