anno_index,coord_x,coord_y,coord_z,diameter,malscore,diameter_mm
0,0.7333,0.2533,0.0933,0.0439,0.9556000232696532,13.17990016937256
1,0.7733,0.2533,0.0933,0.0436,0.9409000277519226,13.079999923706055
2,0.7333,0.2933,0.0933,0.0529,0.8774999976158142,15.875900268554688
3,0.7733,0.2933,0.0933,0.0466,0.8907999992370605,13.968299865722654
4,0.7333,0.2533,0.1333,0.0494,0.9675999879837036,14.813199996948242
5,0.7733,0.2533,0.1333,0.0473,0.9792000055313108,14.19379997253418
6,0.7333,0.2933,0.1333,0.0521,0.9520000219345092,15.620699882507324
7,0.7733,0.2933,0.1333,0.054000000000000006,0.9815000295639038,16.209699630737305
10,0.4133,0.6133,0.6933,0.0105,0.8343999981880188,3.157900094985962
