anno_index,coord_x,coord_y,coord_z,diameter,malscore,diameter_mm
10,0.2564,0.4103,0.5212,0.0077,0.8245000243186951,3.0090999603271484
11,0.2564,0.441,0.5212,0.0179,0.9818000197410583,6.9724998474121085
12,0.2872,0.441,0.5212,0.0123,0.9398000240325928,4.815800189971924
36,0.441,0.5333,0.8485,0.0227,0.8615999817848206,8.850600242614746
38,0.441,0.5641,0.8485,0.047,0.9763000011444092,18.33340072631836
