anno_index,coord_x,coord_y,coord_z,diameter,malscore,diameter_mm
1,0.6778,0.6778,0.3684,0.0124,0.8676999807357788,4.452099800109863
10,0.7111,0.5444,0.8816,0.0064,0.8395000100135803,2.3162999153137207
