anno_index,coord_x,coord_y,coord_z,diameter,malscore,diameter_mm
0,0.58,0.52,0.2874,0.0133,0.9182000160217284,5.335100173950195
1,0.73,0.37,0.3218,0.0133,0.9061999917030334,5.333099842071533
3,0.22,0.52,0.4598,0.0103,0.8790000081062317,4.102000236511231
4,0.22,0.55,0.4598,0.0162,0.9700999855995178,6.482999801635742
5,0.22,0.55,0.4943,0.016,0.9710000157356262,6.4085001945495605
6,0.28,0.4,0.5287,0.0171,0.9383999705314636,6.8302001953125
7,0.4,0.34,0.5632,0.011000000000000001,0.8464999794960022,4.3811001777648935
8,0.76,0.55,0.5632,0.0168,0.970300018787384,6.707900047302246
9,0.76,0.58,0.5632,0.0189,0.9768999814987184,7.5742998123168945
