anno_index,coord_x,coord_y,coord_z,diameter,malscore,diameter_mm
0,0.3444,0.7111,0.4908,0.0054,0.883899986743927,1.9544999599456787
1,0.3444,0.7111,0.5276,0.0037,0.8342999815940857,1.3219000101089478
