anno_index,coord_x,coord_y,coord_z,diameter,malscore,diameter_mm
24,0.3012,0.6265,0.6154,0.0196,0.9146000146865844,6.518199920654298
25,0.3012,0.4819,0.6615,0.0122,0.8880000114440918,4.0538997650146475
26,0.3012,0.6265,0.6615,0.0132,0.8665999770164491,4.375899791717528
