anno_index,coord_x,coord_y,coord_z,diameter,malscore,diameter_mm
25,0.3111,0.4444,0.7733,0.0215,0.9509999752044678,7.734000205993652
26,0.3444,0.4444,0.7733,0.0199,0.942900002002716,7.163700103759768
27,0.3111,0.4778,0.7733,0.0246,0.9710000157356262,8.866499900817871
28,0.3444,0.4778,0.7733,0.0205,0.9286999702453612,7.379300117492676
29,0.3111,0.4444,0.8133,0.018000000000000002,0.9151999950408936,6.481299877166747
30,0.3444,0.4444,0.8133,0.0135,0.8140000104904175,4.852099895477295
31,0.3111,0.4778,0.8133,0.0243,0.9757999777793884,8.738200187683105
32,0.3444,0.4778,0.8133,0.0209,0.9552000164985656,7.526000022888184
33,0.5778,0.5444,0.8933,0.0208,0.8555999994277954,7.483699798583982
