anno_index,coord_x,coord_y,coord_z,diameter,malscore,diameter_mm
7,0.4848,0.303,0.5139,0.0141,0.8255000114440918,4.6427001953125
8,0.4848,0.3394,0.5139,0.0193,0.9061999917030334,6.384600162506104
9,0.4485,0.3758,0.5139,0.0123,0.8496999740600586,4.0722999572753915
10,0.7758,0.4485,0.5556,0.0118,0.8497999906539917,3.903599977493286
