anno_index,coord_x,coord_y,coord_z,diameter,malscore,diameter_mm
0,0.6933,0.5333,0.1912,0.0368,0.9713000059127808,11.04259967803955
1,0.7333,0.5333,0.1912,0.0377,0.9767000079154968,11.305999755859375
2,0.6933,0.5333,0.2353,0.0306,0.961300015449524,9.178799629211426
3,0.7333,0.5333,0.2353,0.0303,0.9495000243186952,9.09409999847412
4,0.2533,0.3733,0.4118,0.0127,0.8769000172615051,3.8059999942779537
5,0.2533,0.4133,0.4118,0.0167,0.9520000219345092,5.000899791717528
6,0.2533,0.4133,0.4559,0.0163,0.9057000279426576,4.875999927520752
9,0.7733,0.6133,0.5,0.0212,0.9696000218391418,6.371300220489503
10,0.8133,0.6133,0.5,0.0189,0.9704999923706056,5.676300048828125
