anno_index,coord_x,coord_y,coord_z,diameter,malscore,diameter_mm
12,0.3294,0.7529,0.5627,0.0142,0.8047000169754028,4.823500156402588
