anno_index,coord_x,coord_y,coord_z,diameter,malscore,diameter_mm
0,0.2316,0.6105,0.4458,0.0137,0.8711000084877014,5.198200225830078
1,0.5474,0.7053,0.4458,0.0128,0.8335999846458435,4.847400188446045
2,0.2316,0.6105,0.4819,0.011000000000000001,0.8052999973297119,4.161900043487549
