anno_index,coord_x,coord_y,coord_z,diameter,malscore,diameter_mm
11,0.3444,0.4444,0.5068,0.0211,0.8080000281333923,7.594299793243407
