anno_index,coord_x,coord_y,coord_z,diameter,malscore,diameter_mm
0,0.3883,0.5631,0.3987,0.0159,0.9524000287055968,6.548900127410889
1,0.3592,0.6214,0.3987,0.0119,0.9167000055313108,4.899099826812744
2,0.3592,0.6796,0.3987,0.018000000000000002,0.9577999711036682,7.430699825286865
3,0.3592,0.7087,0.3987,0.0128,0.843999981880188,5.289599895477295
6,0.3301,0.5631,0.5916,0.0121,0.911400020122528,4.997799873352051
