anno_index,coord_x,coord_y,coord_z,diameter,malscore,diameter_mm
18,0.6804,0.3284,0.8111,0.0184,0.9000999927520752,6.261099815368652
19,0.7155,0.3284,0.8111,0.0118,0.8300999999046326,4.007199764251709
