anno_index,coord_x,coord_y,coord_z,diameter,malscore,diameter_mm
15,0.3444,0.3444,0.5566,0.0211,0.9776999950408936,7.5939998626708975
16,0.3444,0.3778,0.5566,0.0236,0.979300022125244,8.480600357055664
22,0.3444,0.3444,0.5955,0.0187,0.965499997138977,6.721099853515625
23,0.3444,0.3778,0.5955,0.0211,0.9733999967575072,7.582399845123291
28,0.3778,0.3778,0.7508,0.0246,0.9682999849319458,8.860400199890137
