anno_index,coord_x,coord_y,coord_z,diameter,malscore,diameter_mm
0,0.7733,0.4933,0.6014,0.0188,0.9021000266075134,5.6508002281188965
1,0.7733,0.5333,0.6014,0.0155,0.8228999972343445,4.66349983215332
2,0.7733,0.4933,0.6434,0.0215,0.9477000236511228,6.455100059509277
3,0.7733,0.5333,0.6434,0.0223,0.9362999796867372,6.704999923706055
