anno_index,coord_x,coord_y,coord_z,diameter,malscore,diameter_mm
0,0.7368,0.5789,0.5475,0.0084,0.8410999774932861,3.183000087738037
6,0.5474,0.6737,0.7151,0.0185,0.9003000259399414,7.039400100708008
7,0.5789,0.6737,0.7151,0.0181,0.972599983215332,6.871300220489503
8,0.5474,0.6737,0.7486,0.0152,0.8198000192642212,5.781400203704834
9,0.5789,0.6737,0.7486,0.0176,0.9765999913215636,6.679299831390381
