anno_index,coord_x,coord_y,coord_z,diameter,malscore,diameter_mm
4,0.61,0.61,0.1538,0.0153,0.9139000177383424,6.139400005340576
10,0.61,0.58,0.2,0.0163,0.8348000049591064,6.51639986038208
11,0.61,0.61,0.2,0.0201,0.9623000025749208,8.036899566650389
12,0.64,0.61,0.2,0.0123,0.8191999793052673,4.938899993896484
13,0.31,0.73,0.2,0.013,0.9107999801635742,5.195899963378906
16,0.43,0.55,0.2923,0.0121,0.9059000015258788,4.832499980926514
