anno_index,coord_x,coord_y,coord_z,diameter,malscore,diameter_mm
0,0.34,0.49,0.3977,0.0142,0.9023000001907348,5.672900199890138
1,0.67,0.58,0.3977,0.0103,0.8187999725341797,4.138400077819823
2,0.22,0.43,0.4678,0.0078,0.8083000183105469,3.1112000942230225
3,0.79,0.49,0.5029,0.0162,0.9235000014305116,6.463900089263916
4,0.79,0.52,0.5029,0.0112,0.8299999833106995,4.480199813842773
5,0.73,0.4,0.5379999999999999,0.0096,0.8392999768257141,3.829400062561035
