anno_index,coord_x,coord_y,coord_z,diameter,malscore,diameter_mm
0,0.7368,0.6421,0.5369,0.0168,0.9434000253677368,6.391499996185303
1,0.7684,0.6421,0.5369,0.0148,0.9391999840736388,5.633900165557861
2,0.7368,0.6737,0.5369,0.0164,0.919099986553192,6.241199970245361
3,0.7684,0.6737,0.5369,0.0167,0.9327999949455258,6.348499774932861
4,0.7368,0.6421,0.5772,0.0136,0.9100000262260436,5.181099891662598
5,0.7368,0.6737,0.5772,0.0159,0.9433000087738036,6.026500225067139
6,0.7684,0.6737,0.5772,0.0147,0.9289000034332277,5.57420015335083
