anno_index,coord_x,coord_y,coord_z,diameter,malscore,diameter_mm
0,0.8632,0.4211,0.3636,0.0103,0.8382999897003174,3.924499988555908
1,0.7684,0.3579,0.3988,0.0198,0.9729999899864196,7.542500019073486
2,0.8,0.3579,0.3988,0.0136,0.9282000064849854,5.176000118255615
3,0.7684,0.3579,0.434,0.0182,0.9627000093460084,6.9079999923706055
14,0.6737,0.5474,0.6804,0.0207,0.965499997138977,7.872300148010254
15,0.7053,0.5474,0.6804,0.0154,0.9542999863624572,5.857900142669678
16,0.2947,0.5158,0.7155,0.0104,0.8774999976158142,3.9368000030517583
17,0.7368,0.4842,0.7859,0.0157,0.9187999963760376,5.979800224304199
18,0.7368,0.5158,0.7859,0.0186,0.9624000191688538,7.069399833679199
