anno_index,coord_x,coord_y,coord_z,diameter,malscore,diameter_mm
10,0.31,0.64,0.4966,0.0026,0.8026000261306763,1.0233999490737915
11,0.31,0.67,0.4966,0.003,0.870199978351593,1.1818000078201294
12,0.67,0.76,0.4966,0.0023,0.9635000228881836,0.9020000100135804
13,0.67,0.79,0.4966,0.0023,0.8898000121116638,0.9031999707221984
14,0.31,0.64,0.5369,0.0033,0.9314000010490416,1.3142999410629272
15,0.31,0.67,0.5369,0.0041,0.9537000060081482,1.6240999698638916
16,0.67,0.76,0.5369,0.0022,0.9628000259399414,0.8887000083923341
17,0.67,0.79,0.5369,0.0022,0.8991000056266785,0.8998000025749207
