anno_index,coord_x,coord_y,coord_z,diameter,malscore,diameter_mm
0,0.2588,0.2941,0.3067,0.0144,0.8903999924659729,4.8927998542785645
1,0.2941,0.2941,0.3067,0.0123,0.8963999748229979,4.189899921417236
2,0.1529,0.4353,0.3067,0.0139,0.8306999802589417,4.721399784088135
3,0.2588,0.2941,0.3436,0.0091,0.8881000280380249,3.0871000289916988
4,0.2941,0.2941,0.3436,0.0136,0.9311000108718872,4.639999866485597
9,0.6471,0.7176,0.7853,0.0111,0.8438000082969666,3.7732999324798575
11,0.2235,0.5412,0.8221,0.0141,0.8773000240325928,4.788000106811523
