anno_index,coord_x,coord_y,coord_z,diameter,malscore,diameter_mm
0,0.2095,0.4952,0.5139,0.0084,0.8111000061035156,3.540800094604492
1,0.2952,0.581,0.5556,0.0138,0.9375,5.801000118255615
2,0.2381,0.6381,0.5972,0.0124,0.8978000283241272,5.2038002014160165
3,0.2381,0.6381,0.6389,0.017,0.9833999872207642,7.158599853515625
