anno_index,coord_x,coord_y,coord_z,diameter,malscore,diameter_mm
0,0.73,0.4,0.3656,0.0149,0.9199000000953674,5.942800045013428
1,0.55,0.52,0.3656,0.0106,0.8427000045776367,4.245100021362306
5,0.28,0.31,0.5269,0.009000000000000001,0.8452000021934509,3.590399980545044
8,0.28,0.67,0.5591,0.0148,0.8898000121116638,5.905099868774414
11,0.4,0.31,0.6237,0.0105,0.8828999996185303,4.190700054168701
34,0.25,0.49,0.7204,0.0188,0.96670001745224,7.508200168609619
36,0.25,0.49,0.7527,0.0188,0.9693999886512756,7.538599967956543
39,0.58,0.61,0.914,0.0137,0.8906000256538391,5.462399959564209
