anno_index,coord_x,coord_y,coord_z,diameter,malscore,diameter_mm
6,0.2588,0.3647,0.5031,0.019,0.9083999991416932,6.454500198364258
7,0.2941,0.3647,0.5031,0.0222,0.9333000183105468,7.56059980392456
24,0.4353,0.6824,0.7296,0.0242,0.9763000011444092,8.235500335693361
25,0.4353,0.6824,0.7673,0.025,0.984000027179718,8.483699798583983
26,0.2588,0.6824,0.805,0.0239,0.9653000235557556,8.136799812316895
27,0.2941,0.6824,0.805,0.0207,0.9625999927520752,7.053100109100343
