anno_index,coord_x,coord_y,coord_z,diameter,malscore,diameter_mm
9,0.3544,0.3924,0.4485,0.0126,0.8169000148773193,3.9941000938415527
10,0.3544,0.4304,0.4485,0.0226,0.9332000017166138,7.138899803161621
11,0.3544,0.4304,0.4848,0.0209,0.9463000297546388,6.619999885559082
14,0.3924,0.3544,0.5939,0.0152,0.8761000037193298,4.8140997886657715
15,0.2405,0.4304,0.8121,0.0256,0.9682000279426576,8.100500106811522
16,0.2405,0.4684,0.8121,0.0224,0.9585999846458436,7.087100028991699
17,0.2405,0.5063,0.8121,0.0197,0.9276000261306764,6.212600231170652
18,0.2405,0.4684,0.8485,0.0137,0.8148999810218811,4.339799880981444
19,0.2405,0.5063,0.8485,0.0163,0.8758999705314636,5.135799884796144
