anno_index,coord_x,coord_y,coord_z,diameter,malscore,diameter_mm
7,0.31,0.4,0.4571,0.0176,0.9329000115394592,7.031799793243407
8,0.31,0.43,0.4571,0.0172,0.9125999808311462,6.878300189971924
15,0.31,0.4,0.4914,0.0152,0.9372000098228456,6.08650016784668
16,0.28,0.43,0.4914,0.0103,0.8055999875068665,4.138700008392334
17,0.31,0.43,0.4914,0.0177,0.9336000084877014,7.071800231933594
