anno_index,coord_x,coord_y,coord_z,diameter,malscore,diameter_mm
10,0.7444,0.4111,0.5509,0.013000000000000001,0.8784000277519226,4.668000221252441
11,0.1778,0.6778,0.5509,0.0181,0.8601999878883362,6.527299880981445
12,0.2111,0.6778,0.5509,0.0202,0.9735000133514404,7.260700225830077
13,0.3444,0.2778,0.6946,0.0102,0.8245999813079834,3.658499956130981
