anno_index,coord_x,coord_y,coord_z,diameter,malscore,diameter_mm
10,0.2303,0.5576,0.6164,0.0187,0.9240999817848206,6.1546998023986825
