anno_index,coord_x,coord_y,coord_z,diameter,malscore,diameter_mm
3,0.3444,0.3444,0.5248,0.0148,0.9171000123023988,5.313799858093262
6,0.7444,0.5778,0.7801,0.0181,0.9286999702453612,6.513500213623048
