anno_index,coord_x,coord_y,coord_z,diameter,malscore,diameter_mm
1,0.2065,0.5935,0.4562,0.0146,0.8406000137329102,4.5107998847961435
9,0.2452,0.4774,0.5836,0.0251,0.9714999794960022,7.76669979095459
10,0.6709999999999999,0.7871,0.5836,0.011000000000000001,0.8077999949455261,3.401900053024292
11,0.2065,0.4774,0.7109,0.0258,0.961899995803833,8.006099700927733
12,0.2452,0.4774,0.7109,0.0222,0.9555000066757202,6.8719000816345215
13,0.3226,0.3226,0.7427,0.0124,0.916800022125244,3.837899923324585
14,0.2839,0.5548,0.7745,0.0166,0.8992000222206116,5.143099784851074
15,0.2839,0.5935,0.7745,0.018000000000000002,0.8806999921798706,5.582900047302246
21,0.3613,0.5548,0.8064,0.0256,0.9708999991416932,7.939400196075439
