anno_index,coord_x,coord_y,coord_z,diameter,malscore,diameter_mm
42,0.2881,0.4915,0.4611,0.0109,0.9275000095367432,5.163700103759767
52,0.3136,0.3644,0.5732,0.0132,0.9290000200271606,6.2189998626708975
53,0.3136,0.3898,0.5732,0.0131,0.9049999713897704,6.178500175476074
73,0.6186,0.3644,0.648,0.0141,0.9279999732971193,6.672599792480469
