anno_index,coord_x,coord_y,coord_z,diameter,malscore,diameter_mm
12,0.7444,0.6111,0.5679,0.0157,0.9204999804496764,5.65880012512207
13,0.7778,0.6111,0.5679,0.0106,0.8657000064849854,3.828200101852417
