anno_index,coord_x,coord_y,coord_z,diameter,malscore,diameter_mm
12,0.581,0.4952,0.8042,0.0154,0.8443999886512756,6.473100185394287
