anno_index,coord_x,coord_y,coord_z,diameter,malscore,diameter_mm
11,0.4211,0.3263,0.3056,0.0155,0.8884999752044678,5.875699996948242
31,0.3579,0.3895,0.4722,0.0119,0.8335000276565552,4.513899803161621
35,0.3579,0.3895,0.5139,0.0108,0.8650000095367432,4.117599964141847
40,0.2632,0.5789,0.5556,0.0201,0.9563000202178956,7.635300159454348
41,0.2947,0.5789,0.5556,0.0172,0.9469000101089478,6.55210018157959
42,0.2632,0.5789,0.5972,0.0212,0.9689000248908995,8.064999580383299
43,0.2947,0.5789,0.5972,0.0175,0.9478999972343444,6.661799907684326
46,0.6105,0.6737,0.7639,0.0119,0.8834999799728394,4.523399829864502
