anno_index,coord_x,coord_y,coord_z,diameter,malscore,diameter_mm
26,0.2171,0.56,0.6744,0.015,0.8830999732017517,5.234300136566162
27,0.2514,0.56,0.6744,0.0136,0.8629999756813049,4.7555999755859375
33,0.6286,0.7314,0.7093,0.0183,0.95770001411438,6.401000022888184
44,0.3543,0.6629,0.8488,0.0244,0.9616000056266784,8.533100128173826
45,0.6286,0.7314,0.8488,0.013999999999999999,0.8676999807357788,4.89739990234375
