anno_index,coord_x,coord_y,coord_z,diameter,malscore,diameter_mm
6,0.3444,0.4111,0.5772,0.0144,0.9052000045776368,5.17609977722168
7,0.2778,0.5778,0.5772,0.0123,0.8725000023841858,4.445300102233887
8,0.3111,0.5778,0.5772,0.0136,0.9034000039100648,4.913099765777588
9,0.3111,0.6111,0.5772,0.0147,0.9211999773979188,5.298699855804443
15,0.3444,0.4111,0.698,0.0187,0.9682000279426576,6.749100208282473
22,0.6444,0.5444,0.8188,0.0136,0.9056000113487244,4.89300012588501
