anno_index,coord_x,coord_y,coord_z,diameter,malscore,diameter_mm
2,0.303,0.7394,0.3758,0.0236,0.9442999958992004,7.788099765777588
3,0.3394,0.7394,0.3758,0.0146,0.8464999794960022,4.823500156402588
4,0.303,0.7394,0.4121,0.023,0.9466000199317932,7.585999965667725
5,0.3394,0.7758,0.4121,0.0174,0.8827000260353088,5.734099864959718
6,0.3394,0.7758,0.4485,0.0177,0.8526999950408936,5.827400207519531
10,0.1576,0.6303,0.5576,0.0186,0.8986999988555908,6.127500057220459
11,0.2667,0.5212,0.5939,0.0082,0.8004000186920166,2.715100049972534
