anno_index,coord_x,coord_y,coord_z,diameter,malscore,diameter_mm
12,0.6778,0.3111,0.5181,0.0199,0.9575999975204468,7.170499801635742
13,0.2778,0.3444,0.5904,0.0223,0.9805999994277954,8.02400016784668
14,0.3111,0.3444,0.5904,0.0211,0.9728000164031982,7.594399929046631
