anno_index,coord_x,coord_y,coord_z,diameter,malscore,diameter_mm
0,0.725,0.6875,0.3534,0.0029,0.9413999915122986,0.9161999821662904
1,0.725,0.725,0.3534,0.003,0.9315999746322632,0.9623000025749208
4,0.725,0.6875,0.3958,0.0027,0.9574999809265136,0.8773999810218811
5,0.725,0.725,0.3958,0.0027,0.9674000144004822,0.8743000030517578
12,0.35,0.3125,0.6926,0.0211,0.915499985218048,6.765900135040282
13,0.35,0.3125,0.735,0.0184,0.9067000150680542,5.885000228881836
16,0.2375,0.4625,0.7774,0.0132,0.9412999749183656,4.236199855804443
17,0.275,0.575,0.7774,0.0245,0.9161999821662904,7.850900173187256
