anno_index,coord_x,coord_y,coord_z,diameter,malscore,diameter_mm
0,0.8235,0.5765,0.2289,0.0192,0.9053999781608582,6.543000221252441
15,0.3647,0.5059,0.3735,0.022000000000000002,0.9714999794960022,7.4745001792907715
16,0.3647,0.5412,0.3735,0.0242,0.9921000003814696,8.221599578857424
26,0.3647,0.5412,0.4096,0.0167,0.8535000085830688,5.691999912261963
42,0.3647,0.6118,0.6988,0.0191,0.9437000155448914,6.4843997955322275
43,0.3647,0.6471,0.6988,0.0185,0.8985000252723694,6.2968997955322275
44,0.3647,0.6118,0.7349,0.0152,0.9194999933242798,5.162399768829347
45,0.3647,0.6471,0.7349,0.0198,0.9616000056266784,6.727700233459473
