anno_index,coord_x,coord_y,coord_z,diameter,malscore,diameter_mm
0,0.2071,0.5566,0.5089,0.016,0.8472999930381775,4.958399772644043
1,0.1683,0.5566,0.5444,0.0165,0.8799999952316284,5.110199928283691
2,0.2071,0.5566,0.5444,0.0231,0.9635000228881836,7.125800132751465
3,0.2071,0.5955,0.5444,0.0196,0.9276000261306764,6.0696001052856445
4,0.2071,0.4401,0.5799,0.0257,0.9616000056266784,7.928299903869629
5,0.246,0.4401,0.5799,0.0154,0.8682000041007996,4.753200054168701
12,0.7120000000000001,0.479,0.7929,0.0228,0.944100022315979,7.029900074005128
13,0.6731,0.4401,0.8284,0.0134,0.8165000081062317,4.144599914550781
