anno_index,coord_x,coord_y,coord_z,diameter,malscore,diameter_mm
4,0.8,0.4526,0.4331,0.0102,0.8325999975204468,3.870800018310547
7,0.8,0.4526,0.4713,0.0183,0.9854000210762024,6.966300010681152
8,0.8,0.4842,0.4713,0.0208,0.9883000254631042,7.896399974822997
