anno_index,coord_x,coord_y,coord_z,diameter,malscore,diameter_mm
0,0.4,0.61,0.3627,0.0141,0.8343999981880188,5.656599998474121
36,0.43,0.55,0.6827,0.0211,0.9449999928474426,8.439900398254395
37,0.43,0.55,0.7147,0.0175,0.8847000002861023,6.995399951934815
