anno_index,coord_x,coord_y,coord_z,diameter,malscore,diameter_mm
3,0.4315,0.2915,0.5119,0.0495,0.9247999787330629,16.968599319458008
4,0.2216,0.6414,0.5119,0.0123,0.8737999796867371,4.221700191497804
8,0.4315,0.2915,0.5476,0.0324,0.906000018119812,11.099900245666504
14,0.6064,0.4315,0.7262,0.0153,0.8539000153541565,5.246699810028076
