anno_index,coord_x,coord_y,coord_z,diameter,malscore,diameter_mm
16,0.3111,0.3778,0.6187,0.0274,0.9854000210762024,9.876700401306152
17,0.3111,0.4111,0.6187,0.0304,0.9879999756813048,10.928799629211426
18,0.3111,0.3778,0.6619,0.0248,0.944599986076355,8.92870044708252
19,0.3111,0.4111,0.6619,0.0294,0.989300012588501,10.597200393676758
