anno_index,coord_x,coord_y,coord_z,diameter,malscore,diameter_mm
1,0.7111,0.6111,0.8591,0.0073,0.8087000250816345,2.616300106048584
