anno_index,coord_x,coord_y,coord_z,diameter,malscore,diameter_mm
4,0.7778,0.4778,0.3228,0.0111,0.8442999720573425,3.993400096893311
7,0.2778,0.3778,0.3573,0.0129,0.9042999744415284,4.6483001708984375
8,0.7778,0.4778,0.3573,0.0118,0.9027000069618224,4.265200138092041
23,0.3778,0.6111,0.8415,0.0212,0.9659000039100648,7.643700122833253
24,0.3778,0.6444,0.8415,0.0242,0.9706000089645386,8.695699691772461
25,0.3778,0.6111,0.8761,0.0115,0.8213000297546387,4.13539981842041
26,0.3778,0.6444,0.8761,0.0117,0.8159999847412109,4.218800067901611
