anno_index,coord_x,coord_y,coord_z,diameter,malscore,diameter_mm
0,0.2286,0.5714,0.8957,0.0226,0.8529999852180481,6.341899871826173
1,0.2714,0.5714,0.8957,0.0299,0.9405999779701232,8.370800018310549
2,0.2286,0.6143,0.8957,0.0311,0.9311000108718872,8.720000267028809
3,0.2714,0.6143,0.8957,0.0421,0.9776999950408936,11.78159999847412
