anno_index,coord_x,coord_y,coord_z,diameter,malscore,diameter_mm
2,0.7733,0.4933,0.5556,0.0249,0.9097999930381776,7.478899955749513
