anno_index,coord_x,coord_y,coord_z,diameter,malscore,diameter_mm
0,0.7682,0.4106,0.4026,0.0133,0.843500018119812,4.0116000175476065
1,0.6887,0.6887,0.7143,0.0216,0.8859999775886536,6.5314998626708975
2,0.6887,0.6887,0.7532,0.0152,0.8324999809265137,4.596099853515625
