anno_index,coord_x,coord_y,coord_z,diameter,malscore,diameter_mm
11,0.2444,0.3444,0.5441,0.0134,0.911199986934662,4.808899879455566
14,0.2444,0.3778,0.5882,0.0136,0.9014999866485596,4.901800155639648
15,0.2111,0.4778,0.5882,0.0144,0.9162999987602234,5.197999954223633
16,0.2444,0.4778,0.5882,0.0098,0.8539999723434448,3.5197999477386475
17,0.2111,0.5111,0.5882,0.0185,0.9431999921798706,6.6512999534606925
18,0.2444,0.5111,0.5882,0.0118,0.8813999891281128,4.251599788665772
21,0.2444,0.6444,0.6765,0.013999999999999999,0.8495000004768372,5.046000003814697
22,0.6111,0.3444,0.7206,0.0216,0.9781000018119812,7.764699935913086
23,0.6444,0.3444,0.7206,0.0203,0.975000023841858,7.309199810028076
