anno_index,coord_x,coord_y,coord_z,diameter,malscore,diameter_mm
14,0.6737,0.5789,0.5765,0.0109,0.8876000046730042,4.138700008392334
