anno_index,coord_x,coord_y,coord_z,diameter,malscore,diameter_mm
4,0.7758,0.5939,0.3827,0.0194,0.9747999906539916,6.411699771881104
5,0.3758,0.703,0.3827,0.0169,0.82669997215271,5.565599918365479
7,0.7758,0.5939,0.4198,0.0133,0.9312999844551086,4.401599884033203
12,0.7758,0.4121,0.5309,0.0121,0.864300012588501,4.0090999603271475
13,0.7758,0.4121,0.5679,0.0226,0.994700014591217,7.448800086975098
14,0.8121,0.4121,0.5679,0.0168,0.9631999731063844,5.5397000312805185
15,0.7758,0.4485,0.5679,0.0258,0.9851999878883362,8.508500099182129
16,0.8121,0.4485,0.5679,0.0196,0.9684000015258788,6.456399917602539
18,0.3758,0.5576,0.7901,0.0205,0.8619999885559082,6.768899917602539
