anno_index,coord_x,coord_y,coord_z,diameter,malscore,diameter_mm
1,0.2941,0.4,0.4178,0.0126,0.8590999841690063,4.289299964904785
